channelId,title,handle,subscribers,videoCount,domain,domainSource,scaleTier,volumeTier,creatorType,subsPerVideo,isFamilySafe,cluster,keywords,description
UCLx053rWZxCiYWsBETgdKrQ,LGR,@LGR,1810000,1200,retro_tech,curated,4_large(1M-10M),4_firehose(>1K),org/brand,1508.3,True,0,"technology gadgets retro tech gaming LGR reviews ""personal computers"" ""video games"" ""the sims"" ms-dos mobile computer PC vintage classic nostalgia history comedy dutch","Coverage of retro tech, PC gaming, and more!  Classic computers, Oddware, games, thrifting, Tech Tales, etc. __________  Formerly known as Lazy Game Reviews. It is now simply ""LGR."" "
UC5I2hjZYiW9gZPVkvzM8_Cw,Techmoan,@Techmoan,1460000,722,retro_tech,curated,4_large(1M-10M),3_prolific(200-1K),individual,2022.2,True,0,techmoan video gadget hi-fi audio tech reviews consumer action camera retro 4K Retrotech Vintage reviews,"Enjoying the best and worst of new and old technology. Consumer Tech - by a Tech Consumer. Crowdfunding Support Received via: Patreon: https://www.patreon.com/techmoan  Note - it’s extremely unlikely I'll get to read comments.  Hundreds are written every day, way too many for one person to handle. Y"
UC2J-0g_nxlwcD9JBK1eTleQ,Auto Focus,@AutoFocus,1260000,140,retro_tech,curated,4_large(1M-10M),2_moderate(50-200),individual?,9000.0,True,0,,Car videos from Marques Brownlee and Miles Somerville!
UCnbvPS_rXp4PC21PG2k1UVg,Gaming Historian,@GamingHistorian,1100000,145,retro_tech,curated,4_large(1M-10M),2_moderate(50-200),org/brand,7586.2,True,0,"""gaming historian"" ""video games"" history nintendo sega retro","The Gaming Historian is a documentary series all about the history of video games. The show is researched, written, edited, and created by Norman Caruso.   I recently announced I'm no longer working on the channel full-time (check the community tab for my announcement). I'll still be making videos i"
UCjFaPUcJU1vwk193mnW_w1w,Modern Vintage Gamer,@ModernVintageGamer,932000,636,retro_tech,curated,3_mid(100K-1M),3_prolific(200-1K),individual,1465.4,True,0,retro gaming modern arcade jamma 68000 sega nintendo xbox microsoft sony playstation commodore amiga c64 atari 8-bit,"I love Modern, I love Retro.  Tech, Hardware, Gaming "
UCoZQiN0o7f36H7PaW4fVhFw,Retro Game Corps,@RetroGameCorps,839000,916,retro_tech,curated,3_mid(100K-1M),3_prolific(200-1K),org/brand,915.9,True,0,"""retro gaming"" gaming emulation handheld ""pc gaming"" ""steam deck""","Hey everybody, this is Russ from Retro Game Corps.   I like to test out fun new ways to play my favorite classic (and modern) games.  🎥 In-depth reviews and showcases 🕹Emulation setup guides  Ethics statement: I do not accept sponsorship or paid promotion for any of my work.  However, many videos wi"
UCS-WzPVpAAli-1IfEG2lN8A,Michael MJD,@MichaelMJD,622000,830,retro_tech,curated,3_mid(100K-1M),3_prolific(200-1K),org/brand,749.4,True,0,"mjd7999 mjd teammjd tutorials reviews unboxing windows ""microsoft windows"" ""windows xp"" ""windows 7"" ""windows 8"" ""windows longhorn"" ""windows in vmware"" vmware virtualbox ""windows beta build"" mjd7999 mjd teammjd tutorials reviews unboxing windows ""microsoft windows"" ""windows xp"" ""windows 7"" ""windows 8"" ""windows whistler"" ""windows longhorn tutorial"" virtualbox mjd teammjd tutorials reviews windows ""windows xp"" ""windows 7"" ""windows longhorn"" vmware mjd7999 mjd teammjd unboxing windows","Vintage computers, old software, and lots of nostalgia.  If you like what you see, be sure to subscribe to get notified about future uploads!  The email address below can be used by anyone to get in touch with me, even if not business related. "
UCUCo_G9HneFK4Luncw6v-Bw,Shank Mods,@ShankMods,486000,11,retro_tech,curated,3_mid(100K-1M),1_sparse(<50),individual,44181.8,True,0,Wii Gamecube Portable,"I love modding consoles and making portables. This channel is where I showcase my projects!   None of my projects are for sale, and I do not accept commissions for custom builds.  "
UCEp20NgOZHmgWdbQdHSxgjw,This Does Not Compute,@ThisDoesNotCompute,468000,566,retro_tech,curated,3_mid(100K-1M),3_prolific(200-1K),individual?,826.9,True,0,"""video games"" technology photography audio reviews DIY ""retro tech"" Mac a/v ""vintage tech"" Apple repair ""vintage computing""","Vintage technology, tech reviews, DIY and more!  Wanna send a postcard or donate an item to the show? You can send it to:  This Does Not Compute PO Box 131141 St. Paul, MN 55113"
UC4CsqctrGOn4NTz09sAhXwQ,Macho Nacho Productions,@MachoNachoProductions,431000,299,retro_tech,curated,3_mid(100K-1M),3_prolific(200-1K),org/brand,1441.5,True,0,"retro consoles refurbish renew modification nintendo handheld sega tutorial ""how to backlight"" ""console mods"" ""retro game mods"" ""nintendo mods"" ""sega mods"" ""gameboy macro"" ""gameboy advance mods"" ""GBA mods"" ""GBA SP Mods"" ""console mods"" ""sega dreamcast"" playstation ps1 ps2 ps3 ps4 ""nintendo mods"" ""ips mod"" ""macho nacho productions"" ""macho nacho"" gameboy ""retro mods"" Sega ""retro video games"" ""retro mods"" ""PS2 mods"" ""gamecube mods"" ""game boy mods"" ""console modding"" ""macho nacho"" ""tito perez""","Hi!  I'm Tito and welcome to Macho Nacho Productions!  I make high quality videos about retro gaming mods and more.  Hope you enjoy your time here!  If you'd like to ship me something, you can do so at the following address:  Macho Nacho Productions 610 Madison St. STE 101 #142 Alexandria, VA 22314"
UCKF5151a6yAooOILrYTvfJg,Taki Udon,@TakiUdon,401000,311,retro_tech,curated,3_mid(100K-1M),3_prolific(200-1K),org/brand,1289.4,True,0,Handheld gaming review emulation hardware Android PC retro,"Taking the guesswork out of shopping for new tech.   We've all been down the rabbit hole when it comes to technology. It can be a time-consuming process to figure out if a product is worth your time and money. We create product reviews, step-by-step guides, developer interviews, and a variety of oth"
UC1ydE9gDHTdvbNVIgEKIKzw,VWestlife,@vwestlife,257000,1200,retro_tech,curated,3_mid(100K-1M),4_firehose(>1K),org/brand,214.2,True,0,classic vintage radio radios stereo stereos electronics computer computers pc pcs mac macs macintosh vinyl tape analog turntable cassette,"Demonstrations, reviews, and tutorials about computers and electronics. Also featuring stereo equipment, electronic gadgets, classic video games, cars, radio, videography, and more. If you enjoy my videos, please subscribe to my channel.  My Other Hangouts:  Mastodon: https://mastodon.social/@vwestl"
UCerEIdrEW-IqwvlH8lTQUJQ,Tech Tangents,@TechTangents,237000,348,retro_tech,curated,3_mid(100K-1M),3_prolific(200-1K),individual,681.0,True,0,,"I post things related to computers, programming, and EE.   Since I use Linux I get questions about it. Here's a FAQ:  Q: What Distro do you use? A: kubuntu, whatever the newest LTS is.  Q: What DE do you use? A: KDE Plasma 5  Q: Why don't you use Arch, Gentoo, slackware, etc A: Ubuntu ""Just Works"" f"
UCXnNibvR_YIdyPs8PZIBoEw,Cathode Ray Dude - CRD,@CathodeRayDude,231000,205,retro_tech,curated,3_mid(100K-1M),3_prolific(200-1K),individual,1126.8,True,0,retrocomputing electronics computers vintage DOS windows gaming CRD,"Hi there! I make videos about technology - sometimes old, sometimes not so old, but ideally, stuff you haven't seen or at least thought about before.  On my side channel, Cathode Ray Dude Gaiden (linked below) I sometimes upload smaller clips, and I do streams on some weekends. "
UCLPIbBCKVH2uKGm5C4sOkew,RetroRGB,@RetroRGB,83200,1500,retro_tech,curated,2_small(10K-100K),4_firehose(>1K),individual?,55.5,True,0,"RetroRGB RGB SNES ""retro gaming"" ""classic gaming"" ""rgb monitor""","A channel focusing on retro-gaming with demo's, reviews, developer interviews and a weekly podcast keeping everyone in the loop of what's going on in the retro-gaming scene.  All topics correspond with the website retrorgb.com.  More links:  http://retrorgb.link/bob"
UCNt-VKnOf-6-vVYqdiI_K8g,AllThingsOnePlace,@AllThingsOnePlace,66000,286,retro_tech,curated,2_small(10K-100K),3_prolific(200-1K),individual?,230.8,True,0,"engineering electronics teardowns analysis ""project builds"" maker","Videos of reviews, vintage electronics, teardowns, failure analysis, acoustics tutorials, project builds, and more.  All Things One Place "
UCicVsS0zrUPrA3RaOJO5oBg,The Video Game History Foundation,@GameHistoryOrg,62500,116,retro_tech,curated,2_small(10K-100K),2_moderate(50-200),org/brand,538.8,True,0,"""Video Game History Foundation"" VGHF ""Game History"" ""VideoGame History"" ""Video Game History""","The Video Game History Foundation is a 501(c)3 non-profit organization dedicated to preserving, celebrating, and teaching the history of video games. Learn more at http://gamehistory.org"
UCe7YOgx2vmblbEUUo-JgSnQ,Taki II,@TakiUdon2,34300,90,retro_tech,curated,2_small(10K-100K),2_moderate(50-200),individual?,381.1,True,0,,Covering the latest in mobile technology.
UCwELB-kgDidIbWTvmC3m-kw,FixItMan78,@FixItMan78,24800,1,retro_tech,curated,2_small(10K-100K),1_sparse(<50),individual?,24800.0,True,0,FixItMan78,Join the #FixItManFanFam by subscribing and ringing that bell!
UC5uCW-Dmmd9a7GJ6G2nuU8w,retromeister,@retro-meister,23000,10,retro_tech,curated,2_small(10K-100K),1_sparse(<50),individual?,2300.0,True,0,,
UCEas6ztXcwEkbaClw4zof9g,ClassicGameJunkie,@ClassicGameJunkie,22600,14,retro_tech,curated,2_small(10K-100K),1_sparse(<50),individual?,1614.3,True,0,video game development making creation creating trivia,"Hey, Rob the ClassicGameJunkie here, on this channel you'll find the series ""How Did They Do That"", along with other random game related videos!"
UCqDbZac1bo_WEPau9c5R5WQ,Cathode Ray Dude Gaiden,@CathodeRayDudeGaiden,13100,185,retro_tech,curated,2_small(10K-100K),2_moderate(50-200),individual,70.8,True,0,,"This is a side channel for livestreams, weird side projects, and stuff that will screw up the stats for my main channel, Cathode Ray Dude."
UCrktIETDBZ36NZImOCTFFEg,VampierMSX,@Vampier,1140,74,retro_tech,curated,1_micro(<10K),2_moderate(50-200),individual?,15.4,True,0,"msx openmsx msx1 msx2m msx2+ turbo-r turbo 2+ retro 8bit arcade vintage walk through TAS ""how to""",Fair use 17 U.S.C. § 107 compliant :P
UCJkMlOu7faDgqh4PfzbpLdg,Nerdwriter1,@Nerdwriter1,3240000,312,video_essay_media,curated,4_large(1M-10M),3_prolific(200-1K),individual?,10384.6,True,1,,The Nerdwriter is a video series about art and culture.
UCjFqcJQXGZ6T6sxyFB-5i6A,Every Frame a Painting,@everyframeapainting,2250000,35,video_essay_media,curated,4_large(1M-10M),1_sparse(<50),org/brand,64285.7,True,1,"filmmaking ""film analysis"" ""video essay""","Taylor & Tony are gone again! Thanks for watching!  We returned in late 2024 for a limited series featuring brand new video essays, followed by a short film – ""The Second,"" starring Paul Sun-Hyung Lee & Ethan Hwang.  The original ""Every Frame a Painting"" was a series of video essays about film form,"
UCVo63lbKHjC04KqYhwSZ_Pg,Defunctland,@Defunctland,2190000,163,video_essay_media,curated,4_large(1M-10M),2_moderate(50-200),individual?,13435.6,True,1,"""amusement park"" defunct ""defunct land"" defunctland","Hello and welcome to Defunctland! Defunctland is a YouTube series dedicated to pop culture history, with a focus on extinct theme park and themed entertainment experiences. Welcome to the channel! "
UClt01z1wHHT7c5lKcU8pxRQ,hbomberguy,@hbomberguy,1870000,69,video_essay_media,curated,4_large(1M-10M),2_moderate(50-200),individual,27101.4,True,1,hbomb hbomberguy,I make videos  Send all enquiries to contact@hbomb.zone
UCtGoikgbxP4F3rgI9PldI9g,Super Eyepatch Wolf,@supereyepatchwolf0,1830000,130,video_essay_media,curated,4_large(1M-10M),2_moderate(50-200),individual,14076.9,True,1,Anime,I make videos about things I like.  My Twitter is @eyepatchwolf: https://twitter.com/EyePatchWolf  
UCggHoXaj8BQHIiPmOxezeWA,History Buffs,@HistoryBuffs,1800000,132,video_essay_media,curated,4_large(1M-10M),2_moderate(50-200),individual?,13636.4,True,1,,A show dedicated solely to reviewing historical movies. Ever wondered how much a film is based on a true story? This is the place to find out
UC5k3Kc0avyDJ2nG9Kxm9JmQ,Bright Sun Films,@BrightSunFilms,1650000,269,video_essay_media,curated,4_large(1M-10M),3_prolific(200-1K),org/brand,6133.8,True,1,"Abandoned Films BrightSunFilms ""Bright Sun"" ""Bright Sun Films"" Vlogs Explore ""ship sinking"" documentary ""Jake williams""","From Abandoned buildings, to Bankrupt companies and Cancelled projects, Bright Sun Films is the place to explore our past and discover what worked and what didn't. These are the shows and videos that I find interesting, from the scariest depths of our modern ruins, to a deep analysis on why a retail"
UC_-hYjoNe4PJNFa9iZ4lraA,Good Work,@GoodWorkMB,1630000,389,video_essay_media,curated,4_large(1M-10M),3_prolific(200-1K),individual?,4190.2,True,1,"""morning brew"" ""Dan Toomey"" ""morning brew newsletter"" millennials ""Gen Z"" ""morning brew newsletter"" ""dan toomey morning brew"" ""morning brew good work"" comedy ""dan toomey good work"" ""good work dan toomey"" ""business news"" business ""dan toomey stand up"" ""dan toomey comedy"" ""good work show""",Edge-cutting business news. 
UCrTNhL_yO3tPTdQ5XgmmWjA,RedLetterMedia,@RedLetterMedia,1610000,918,video_essay_media,curated,4_large(1M-10M),3_prolific(200-1K),individual?,1753.8,True,1,Red Letter Media Phantom Menace 70 minute Mr. Plinkett Stoklasa Star Trek Wars redlettermedia half in the bag harry plinkett,"Red Letter Media is responsible for the 70 minute Phantom Menace review as well as Space Cop, Half in the Bag, and Best of the Worst. Full time frauds."
UCgajhM4W-_0YnUk680B10Sg,Baahubali Movie,@BaahubaliOfficial,1600000,106,video_essay_media,curated,4_large(1M-10M),2_moderate(50-200),individual?,15094.3,True,1,"Baahubali Bahubali ""Baahubali Trailer"" ""Baahubali Teaser"" Prabhas Anushka ""Rana Daggubati"" ""SS Rajamouli"" ""Baahubali First Look"" ""Bahubali 1st Look"" ""Baahubali Tamil"" ""Baahubali Telugu"" ""Making of Baahubali"" ""Baahubali Movie"" ""Anushka in Baahubali"" ""Rana in Baahubali"" ""Baahubali Making"" ""Bahubali making"" ""Bahubali trailer"" ""Baahubali Hindi""","Baahubali 2 - The Conclusion is part a two part Indian movie, directed by S.S. Rajamouli. The film will be released in Telugu, Tamil, Hindi, Malayalam, as well as several other International languages simultaneously.   Screenplay & Direction: S.S. Rajamouli Presented by: K. Raghavendra Rao B.A. Prod"
UCeTfBygNb1TahcNpZyELO8g,Jacob Geller,@JacobGeller,1520000,121,video_essay_media,curated,4_large(1M-10M),2_moderate(50-200),org/brand,12562.0,True,1,,"Talking about video games, history, politics, empathy, and more — typically at the same time, always unpredictably. For more info, visit my website: JacobGeller.com   "
UCErSSa3CaP_GJxmFpdjG9Jw,Lessons from the Screenplay,@LessonsfromtheScreenplay,1500000,68,video_essay_media,curated,4_large(1M-10M),2_moderate(50-200),org/brand,22058.8,True,1,"screenwriting screenplay script filmmaking filmmakers tips techniques ""screenwriting tips"" film movies analyze structure study learn ""how to write a screenplay"" ""how to write screenplays"" ""screenplay research"" lessons educational","I believe that a more informed audience raises the bar for storytelling. That examining the techniques used to tell great stories makes your own writing better and your appreciation for the stories deeper.  With Lessons from the Screenplay, I make videos that analyze movie scripts to examine exactly"
UC7-E5xhZBZdW-8d7V80mzfg,Jenny Nicholson,@JennyNicholson,1380000,113,video_essay_media,curated,4_large(1M-10M),2_moderate(50-200),individual?,12212.4,True,1,Jenny Nicholson,
UC9PIn6-XuRKZ5HmYeu46AIw,Barely Sociable,@BarelySociable,1380000,36,video_essay_media,curated,4_large(1M-10M),1_sparse(<50),individual,38333.3,True,1,mystery,"Hi I’m Barely Sociable,  I create analysis videos for the odd corners of the internet."
UCbWcXB0PoqOsAvAdfzWMf0w,Fredrik Knudsen,@FredrikKnudsen,1350000,44,video_essay_media,curated,4_large(1M-10M),1_sparse(<50),individual?,30681.8,True,1,"""Fredrik Knudsen"" ""Down the Rabbit Hole"" ""Time Cube"" Rajneeshpuram ""The Grimm Archives""","This channel is home to Down the Rabbit Hole, a series of videos diving deep into the strange parts of the internet as well as confounding and absurd elements of history."
UCG1h-Wqjtwz7uUANw6gazRw,Lindsay Ellis,@LindsayEllisVids,1310000,131,video_essay_media,curated,4_large(1M-10M),2_moderate(50-200),org/brand,10000.0,True,1,"disney transformers ""the whole plate"" ""nostagia chick"" reviews ""video essays""","Lindsay Ellis is creating video essays and other nondescript content. You can find her latest miniseries “It’s Lit!” at PBS.org. Enjoy these hottest of takes on Disney, Transformers, and Musicals. All hail the Algorithm. Lindsay is no longer uploading videos to this channel. Instead, you can now fin"
UCHiwtz2tCEfS17N9A-WoSSw,Pop Culture Detective,@PopCultureDetective,1170000,111,video_essay_media,curated,4_large(1M-10M),2_moderate(50-200),individual,10540.5,True,1,media criticism masculinity manhood video essay movies,Video essays by cultural critic Jonathan McIntosh that investigate the meaning and messages in popular media  Help me make more videos! https://www.patreon.com/popdetective
UCG7J20LhUeLl6y_Emi7OJrA,The Studio,@TheStudio,1120000,207,video_essay_media,curated,4_large(1M-10M),3_prolific(200-1K),individual?,5410.6,True,1,"""The Studio"" TheStudio MKBHD ""MKBHD Studio""","Behind-the-scenes content, event reactions, challenges, and more from the MKBHD Studio!"
UCyNtlmLB73-7gtlBz00XOQQ,Folding Ideas,@FoldingIdeas,1100000,185,video_essay_media,curated,4_large(1M-10M),2_moderate(50-200),individual?,5945.9,True,1,"Criticism ""video games"" movies cinema narratology",Dan Olson is an Alberta based documentarian making videos on a broad range of subjects rooted in stories and how they reflect and shape the world around us.
UCwhB8cJTSLxyubnKSS-PLJg,MegaLag,@MegaLag,979000,24,video_essay_media,curated,3_mid(100K-1M),1_sparse(<50),individual,40791.7,True,1,"Technology ""Electric Vehicles"" Investigations Apple AirTags",Whistleblower? Insider Information?  Anonymous Tip? 👉 Email:  megalagtips@proton.me  Signal: megalag.08
UCWTFGPpNQ0Ms6afXhaWDiRw,Now You See It,@NowYouSeeIt,949000,96,video_essay_media,curated,3_mid(100K-1M),2_moderate(50-200),individual?,9885.4,True,1,Now You See It,Now You See It is a media analysis channel that searches for meaning in unexpected places.
UCM0V8r4kuIWIl6Sy-NHj2lg,Quinton Reviews,@QuintonReviews,913000,474,video_essay_media,curated,3_mid(100K-1M),3_prolific(200-1K),org/brand,1926.2,True,1,,"""Our only thought is to entertain you!""  Find me on Twitter at https://Twitter.com/Q_Review  Banner art by Zaben: https://zaben.myportfolio.com/"
UCXpFBxmCZ8CURtKW7fXkNtA,Nathan Zed,@TheThirdPew,879000,149,video_essay_media,curated,3_mid(100K-1M),2_moderate(50-200),individual,5899.3,True,1,"thethirdpew ""the third pew"" the third pew","I'm Nathan Zed  ""DON'T FORGET TO SUBSCRIBE!!"" I type, as I sit at my laptop, the rest of my body completely motionless.The click-clack sound of the keyboard echoing in my ears long after I had finished typing. I remain still for what seems like an eternity, only moving to wipe the single tear stream"
UCaN8DZdc8EHo5y1LsQWMiig,Big Joel,@BigJoel,815000,141,video_essay_media,curated,3_mid(100K-1M),2_moderate(50-200),individual,5780.1,True,1,video essay analysis,"It's me, Big Joel. For business inquiries, you can e-mail me at bigjoelwork@gmail.com"
UCdgUN8rX3SEb9L7FDub3I6A,Design Theory,@Design.Theory,783000,112,video_essay_media,curated,3_mid(100K-1M),2_moderate(50-200),org/brand,6991.1,True,1,"""industrial design"" design ""design theory"" ""design education"" ""product design"" ""industrial design education"" ""industrial design language"" ""design analysis"" ""John Mauriello""","Design Theory explores how design shapes our culture and our behaviors.  Design Theory is run by John Mauriello. He is a creative director, industrial designer, and a former Adjunct Professor at California College of the Arts. He has done design work for some of the biggest brands in the world. "
UCcOTVI8YJJud1A6aRYrV4sg,Aidin Robbins,@AidinRobbins,759000,567,video_essay_media,curated,3_mid(100K-1M),3_prolific(200-1K),individual?,1338.6,True,1,"""aidin robbins"" ""aidan robbins"" ""aiden robbins"" filmmaking cinematic editing cinematography cinematic outdoor hiking documentary travel explainer",Filmmaker based in the Blue Ridge.
UCHzIO0agtCQEsTxUcahZgjQ,Marble Hornets,@MarbleHornets,750000,98,video_essay_media,curated,3_mid(100K-1M),2_moderate(50-200),individual?,7653.1,True,1,,
UC3LqW4ijMoENQ2Wv17ZrFJA,PBS Idea Channel,@pbsideachannel,749000,366,video_essay_media,curated,3_mid(100K-1M),3_prolific(200-1K),org/brand,2046.4,True,1,"pbs art technology ""idea channel"" ""mike rugnetta"" ""pop culture""","Here's an idea: a PBS show that examines the connections between pop culture, technology and art.  Mike Rugnetta posts new videos every Wednesday."
UCcU3qwLQ4E4t1AeCCkZg5dw,Get In The Robot,@GetInTheRobot,716000,127,video_essay_media,curated,3_mid(100K-1M),2_moderate(50-200),org/brand,5637.8,True,1,"""My Hero Academia"" ""Attack on Titan"" ""Get in the Robot"" Anime ""Anime Reviews"" ""Anime Analysis"" ""Anime Reactions"" ""Japan Anime"" Japan ""Anime Explained"" ""Why Anime""","Get in the Robot welcomes all anime fans. We’re your anime explainer, here to guide you through your watchlist. As the first video anime club, we like to talk about shows like Dragon Ball Z, My Hero Academia, Attack on Titan…and some deeper cuts, too! Get in the Robot. It’s comfy in here.  Uploading"
UCmQThz1OLYt8mb2PU540LOA,The Art Assignment,@theartassignment,715000,230,video_essay_media,curated,3_mid(100K-1M),3_prolific(200-1K),individual?,3108.7,True,1,"art assignment ""art history"" ""contemporary art"" theartassignment ""the art assignment"" ""ap art history""",The Art Assignment is an educational video series hosted by curator Sarah Urist Green. We explore art and art history through the lens of things happening today. 
UC0G7e3uCtTyKQy2vZbRaKxg,Works By Design,@worksbydesign,690000,39,video_essay_media,curated,3_mid(100K-1M),1_sparse(<50),individual?,17692.3,True,1,,"Video projects about Design, Engineering, and more. Hope to learn by doing and help others along the way."
UCF1fG3gT44nGTPU2sVLoFWg,Patrick (H) Willems,@patrickhwillems,646000,445,video_essay_media,curated,3_mid(100K-1M),3_prolific(200-1K),individual?,1451.7,True,1,"""patrick willems"" ""patrick h willems"" patrickhwillems","Pretty much the Terrence Malick of YouTube.  All videos directed by Patrick Willems  Send any mail to:  Patrick Willems P.O. Box 380333 Brooklyn, NY 11238"
UCK-GxvzttTnNhq3JPYpXhqg,Sarah Z,@SarahZ,626000,66,video_essay_media,curated,3_mid(100K-1M),2_moderate(50-200),individual?,9484.8,True,1,"review ""video essay""",(^з^)-☆
UCjU-Cwjfqbo2hMRItlXwnnQ,This is Dan Bell.,@ThisisDanBell,617000,281,video_essay_media,curated,3_mid(100K-1M),3_prolific(200-1K),individual?,2195.7,True,1,"""DEAD MALL SERIES"" ""DAN BELL"" ""THIS IS DAN BELL"" ABANDONED CREEPY HORROR BACKROOMS ""TED TALK"" 1980S 1990S ""DEAD MALL"" ""URBAN EXPLORATION""",Producer and Filmmaker. 
UCuPgdqQKpq4T4zeqmTelnFg,kaptainkristian,@kaptainkristian,570000,40,video_essay_media,curated,3_mid(100K-1M),1_sparse(<50),individual?,14250.0,True,1,"film movies television comics music essay analysis review commentary cartoons animation kaptainkristian ""kristian williams""",visual love letters
UCn8OYopT9e8tng-CGEWzfmw,Atrocity Guide,@AtrocityGuide,516000,30,video_essay_media,curated,3_mid(100K-1M),1_sparse(<50),individual?,17200.0,True,1,,Atrocity Guide brings you the anomalies of the internet and beyond. Original channel artwork by Smear: https://smearer.tumblr.com/ 
UCmEmX_jw_pRp5UbAdzkZq-g,Posy,@PosyMusic,467000,51,video_essay_media,curated,3_mid(100K-1M),2_moderate(50-200),individual,9156.9,True,1,retro electronic music geek education hifi nature physics gear Posy displays technology old design,"A channel about anything... But usually something geeky or nerdy.  Posy is my artist name since 2005, and indeed not related in any way to the content of this channel...  Currently I do not have accounts and/or am not active on any other social platforms. (So I'm NOT on telegram etc.) "
UCQVsTJx31Q_6o1bW9BHaO2w,Intelexual Media,@IntelexualMedia,407000,190,video_essay_media,curated,3_mid(100K-1M),2_moderate(50-200),individual,2142.1,True,1,"history black america ""intelexual media"" racism culture ""public history""","I like to talk about history, sex, sociology, and pop culture with a heavy focus on black women, whose stories are not told enough in history retrospectives and documentaries. THIS IS A HISTORY CHANNEL, NOT A CURRENT EVENTS CHANNEL. I AM NOT A JOURNALIST OR BREAKING NEWS REPORTER. Additionally, do n"
UCHudN_9O_OD5KQIueahpYvg,Bright Sun Travels,@BrightSunTravels,349000,45,video_essay_media,curated,3_mid(100K-1M),1_sparse(<50),individual?,7755.6,True,1,"""disney cruise"" travel ""bright sun films"" ""jake williams"" traveling vlog review ""disney world"" ""hotel reviews"" ""cruise reviews""","Quality, Honest Travel Reviews.  Expect at least one new video each month on a range of experiences from Disney, unique hotels around the world and cruise ships!  Bright Sun Films 2025 "
UClnCLTkRd1vhQYU1t1HyivQ,Princess Weekes,@Princess_Weekes,333000,490,video_essay_media,curated,3_mid(100K-1M),3_prolific(200-1K),individual?,679.6,True,1,"reviews anime manga fandom feminism ""pop culture"" commentary ""video essays""","Talking about pop culture, race, feminism, and other social issues with a lot of nuance and profanity."
UCcScIr2iskFm-zRo8FZ7cRw,BREADSWORD,@BREADSWORD,324000,26,video_essay_media,curated,3_mid(100K-1M),1_sparse(<50),individual?,12461.5,True,1,"BREADSWORD ""BREAD SWORD"" ""NIGHTLY BREADSWORD"" ""3 MINUTE LOVE LETTERS"" ""AN ARGUMENT FOR"" ""DISNEY VIDEO ESSAY"" ""GHIBLI VIDEO ESSAY"" ""ANIME VIDEO ESSAY""",all big letters but it isn't no acronym  breadquiries@gmail.com 4 business !  mpeg alchemist lost in nightly world !  art by @czechwun !
UCdQKvqmHKe_8fv4Rwe7ag9Q,Jack Saint,@LackingSaint,324000,150,video_essay_media,curated,3_mid(100K-1M),2_moderate(50-200),org/brand,2160.0,True,1,critique essay analysis movies media commentary,I would like a world that is better for everyone  FOR BUSINESS ENQUIRY: jacksaintofficial@gmail.com   Available on Patreon at https://www.patreon.com/jacksaint. Jack can be found at https://www.twitch.tv/lacksaint for live content.  
UC64TPBGPU1aPrSxIDYkNGpA,Peter Jackson,@PeterJackson,323000,34,video_essay_media,curated,3_mid(100K-1M),1_sparse(<50),individual?,9500.0,True,1,,"Peter Jackson is a filmmaker based in Pukerua Bay, New Zealand."
UCWq-qJSudqKrzquTVep9Jwg,The Royal Ocean Film Society,@TheRoyalOceanFilmSociety,313000,98,video_essay_media,curated,3_mid(100K-1M),2_moderate(50-200),individual?,3193.9,True,1,"""film essay"" ""video essay"" ""Royal Ocean"" ""The Royal Ocean Film Society"" filmmaking ""box office"" ""film analysis"" ""film craft""",Better discourse about films will lead to better films.
UCdwths-Q8lcuF7wJwVWsC9g,Rabbit Hole,@rabbithole,301000,4,video_essay_media,curated,3_mid(100K-1M),1_sparse(<50),individual?,75250.0,True,1,,extraordinary answers to everyday questions (~monthly) 
UCEtB-nx5ngoNJWEzYa-yXBg,FilmJoy,@filmjoy,299000,261,video_essay_media,curated,3_mid(100K-1M),3_prolific(200-1K),individual?,1145.6,True,1,"filmjoy ""film joy"" ""mikey neumann"" ""movies with mikey"" mwm ""deep dive"" ""does it hold up"" ""you should see it""",Love movies again. Movies with Mikey | Deep Dive | You Should See It | Portscenter
UCgmDs3shU7q1wrxBx9eE74g,Maritime Horrors,@MaritimeHorrors,286000,58,video_essay_media,curated,3_mid(100K-1M),2_moderate(50-200),individual?,4931.0,True,1,"""Maritime Disasters"" ""Naval History"" History",Real life stories of tragedies and catastrophes on the high seas. Documentaries on well known and perhaps more obscure disasters that befell the brave men and women that brave the treacherous waters of the world. 
UCQuZgTeDkLjVdsO6Ahg9Qjw,Red Bard,@RedBardIsCool,253000,54,video_essay_media,curated,3_mid(100K-1M),2_moderate(50-200),individual?,4685.2,True,1,"""red bard"" redbardiscool anime ""visual novels"" weeaboo redbard ""fandom history"" ""fandom culture""",Answers to questions you never asked: weeaboo edition.
UCwNBP0bjYJFiwShZnFS4WrQ,The Overview Effekt,@OverviewEffekt,247000,14,video_essay_media,curated,3_mid(100K-1M),1_sparse(<50),individual?,17642.9,True,1,Information Animation Science scifi space Education cg 3d,Push buttons and ask questions later.  Jackson Veigel
UC7sg9FpMWMamzWE2lJPY-Dg,The Back Focus,@TheBackFocus,162000,171,video_essay_media,curated,3_mid(100K-1M),2_moderate(50-200),individual?,947.4,True,1,"film tv entertainment commentary ""movie lists"" ""movie recommendations"" ""film history and research"" ""classic movies"" ""top 5"" ""top 10 movies"" ""video essays"" ""movie analysis"" ""best movies of all time"" ""red letter media"" rlm ""best films ever"" ""film analysis"" ""horror movies"" ""action movies"" ""best horror movies"" ""best movies"" ""hollywood movies"" ""best movie"" ""full movie"" ""full movies"" ""action movie"" ""quentin tarantino"" ""paul thomas anderson"" ""daniel day lewis"" ""denzel washington"" ""leonardo dicaprio""","Video essays about discovering, sharing, and commenting on underappreciated and forgotten elements in entertainment.  "
UCUEgJIixzlG53ybR9tZufxw,kavan,@kevkev-70,160000,8,video_essay_media,curated,3_mid(100K-1M),1_sparse(<50),individual?,20000.0,True,1,"youtube creators buisness views subscribers likes followers ""make money online""",https://www.kavang.com/ Learn coding for free: https://app.codecrafters.io/join?via=kavan010  github: https://github.com/kavan010?tab=repositories X / twitter: https://x.com/KavanSG Discord: https://discord.gg/emfVXxcskU Insta: https://www.instagram.com/kavaan010/  old website: https://kavan010.gith
UCG9fr-NSOwaE65w092RO_AA,Lady Emily,@LadyEmilyPresents,159000,23,video_essay_media,curated,3_mid(100K-1M),1_sparse(<50),individual?,6913.0,True,1,,"Just a girl who loves analyzing media, both popular and obscure. "
UCzyh48nlUsGIzK6mOrtyoRQ,Misinformed,@Misinformed_yt,150000,92,video_essay_media,curated,3_mid(100K-1M),2_moderate(50-200),individual,1630.4,True,1,Misinformed Comedy Education,"50% Lies, 50% Alternative Facts.  Biweekly uploads of ""Misinformed"" sometime between Thursday and Saturday, hopefully. Uploads of ""Mini-Misinformed"" whenever I get around to it."
UCqQazlAQRGiTA2HM2Ii9iCg,Defunctland After Dark,@DefunctlandAfterDark,131000,4,video_essay_media,curated,3_mid(100K-1M),1_sparse(<50),individual?,32750.0,True,1,,"Defunctland After Dark is the home for Patreon-exclusive content from Kevin Perjurer and Defunctland. To access, please visit https://Patreon.com/Defunctland."
UCz4ZjuO7HrynjRrRlur1yWg,The Canipa Effect,@TheCanipaEffect,130000,173,video_essay_media,curated,3_mid(100K-1M),2_moderate(50-200),individual?,751.4,True,1,"""Anime review"" ""anime reviewer"" canipa",Uncovering the Anime Industry in the least boring way possible.  Support the channel on Patreon: https://www.patreon.com/TheCanipaEffect  Produced by Callum May.
UCY3dk5-6NtOsWjMs_iXvQBA,bobvids,@bobvids,111000,125,video_essay_media,curated,3_mid(100K-1M),2_moderate(50-200),individual?,888.0,True,1,bobvids shesellssheshells kamoc,This is where the fish lives.
UC0twEKQY4LbteXfVq3nJQPg,Trekspertise,@Trekspertise,104000,76,video_essay_media,curated,3_mid(100K-1M),2_moderate(50-200),individual,1368.4,True,1,"""Star Trek"" TOS TNG DS9 VOY ENT DSC PIC ""Science Fiction"" Scifi film filmmaking","An explorer of the universe, biology and humanity. My interests vary from alternative biology to the orbits of eccentric exoplanets to the pre-Columbian history of the Americas. Most importantly, I want to put these topics in front of a camera for the public good and the public joy."
UClbBxFs86hk6IMd16YlfXPg,B- Mask,@BMask,99800,96,video_essay_media,curated,2_small(10K-100K),2_moderate(50-200),individual?,1039.6,True,1,,
UCB6ZABC2cArGjau4AyBMqVg,The Movie Rabbit Hole,@TheMovieRabbitHole,99100,10,video_essay_media,curated,2_small(10K-100K),1_sparse(<50),individual?,9910.0,True,1,,
UC0KaZd_ki4l2EUc1GY9u5Ew,KyleKallgrenBHH,@KyleKallgrenBHH,83800,170,video_essay_media,curated,2_small(10K-100K),2_moderate(50-200),individual?,492.9,True,1,"""video essay"" ""kyle kallgren""","A look at culture, high and low, and why those differences are meaningless."
UCAIKWqE5-SjyeL1wQDaOb0g,The Pedantic Romantic,@thepedanticromantic2515,79200,116,video_essay_media,curated,2_small(10K-100K),2_moderate(50-200),individual,682.8,True,1,,"The only thing I consume more ravenously then media is analysis of that media, so I've become a member of that community myself.  Feel free to stick around if you've got this same strange obsession that I do."
UCdwBd_IYZOMkUsVA8uQVigg,Worlds In Motion,@worldsinmotion,61000,22,video_essay_media,curated,2_small(10K-100K),1_sparse(<50),individual,2772.7,True,1,,"Does anyone actually read this? Anyway, I make videos about stuff I find interesting. I usually make a lot of 3D animations, since they help explain stuff, plus it looks cool :)"
UCv4-yypZ7srAlzk_MQCRaLQ,Ours Poetica,@ourspoetica,60300,255,video_essay_media,curated,2_small(10K-100K),3_prolific(200-1K),individual?,236.5,True,1,,"Making poetry personal, in the hands of people who love it. New episodes every Tuesday and Friday. Produced in collaboration with The Poetry Foundation: https://www.poetryfoundation.org/"
UCS6Hy72uP6nCbKMfs7hHKKg,Laura Crone,@LauraCrone,52900,47,video_essay_media,curated,2_small(10K-100K),1_sparse(<50),individual?,1125.5,True,1,,Film. Fights. Feelings.  Banner art by Katarina Đurić (https://katriadoodles.com/) 
UCt9zpXoM1RqiC9u4YYuVP5Q,Afterthoughts,@Afterthoughts,52500,41,video_essay_media,curated,2_small(10K-100K),1_sparse(<50),individual,1280.5,True,1,"""video essay"" videoessay media movies books book movie analysis mediaanalysis ""media analysis"" culture writing art write writer author writers authors tech bigtech","UX Fanatic, Storyteller, Urbanist, Video Essayist. Currently living in my Subie with my pup Benny 🐶 "
UCh9DnjvObUcvvwrYbJ4-cLQ,StrucciMovies,@StrucciMovies,45900,95,video_essay_media,curated,2_small(10K-100K),2_moderate(50-200),individual,483.2,True,1,,Hi! Shannon Strucci here. I'm a professional editor and a film enthusiast. This page hosts my introductory webseries SO YOU WANNA BE A FILM NERD along with some other video essays.
UCutGiN7c5-CEFwm_ccixR3g,HeavyEyed,@HeavyEyed,45100,70,video_essay_media,curated,2_small(10K-100K),2_moderate(50-200),org/brand,644.3,True,1,"""Heavy Eyed"" HeavyEyed StarFox",Personal videos about games and why we play them   Twitter: https://twitter.com/HeavyxEyed  Icon by @tinygh0stt
UCLdcgni1mCq1OxUE3HIL8QQ,Vintage ChezLindsay,@VintageChezLindsay,37000,,video_essay_media,curated,2_small(10K-100K),unknown,individual?,,True,1,"""nostalgia chick"" ""lindsay ellis""","This channel is owned by Lindsay Ellis and is managed by her assistant. It features her older videos. All comments are by her assistant. For Lindsay's more-recent and current videos, visit her main channel: https://www.youtube.com/lindsayellisvids This channel is unmonetized. Any ads on the videos o"
UC7HyRf8pnUeT7bFeAPsA8HQ,The Infinite Review,@TheInfiniteReview,35900,95,video_essay_media,curated,2_small(10K-100K),2_moderate(50-200),individual,377.9,True,1,mechagamezilla mecha game zilla gamezilla bubsy,I have been tasked with reviewing the entire universe.
UC-Qj80avWItNRjkZ41rzHyw,Soph's Notes,@SophsNotes,29200,79,video_essay_media,curated,2_small(10K-100K),2_moderate(50-200),individual,369.6,True,1,"""Science Communication"" Science Biology Neuroscience ""funny science"" ""why do I"" ""How do I"" facts ""sops notes"" ""sophs notes"" ""sophie ward"" lgbt lgbtq queer lesbian",Answering whatever questions pop into my head using as much science as possible.
UCV0UDLQyF2bGnR5KrVVg5cQ,FILM CRIT HULK,@filmcrithulk1769,27000,5,video_essay_media,curated,2_small(10K-100K),1_sparse(<50),individual?,5400.0,True,1,,"A new home for video essays and deep dives into the function of storytelling. ""Smash"" that like! ... get it... smash? .... .......... nevermind."
UCqnos76uuqYRZ-zI2MRNGnA,Dan Golding - Video Essays,@DanGoldingVideoEssays,23100,9,video_essay_media,curated,2_small(10K-100K),1_sparse(<50),org/brand,2566.7,True,1,"Film ""film music"" ""video essays""","Movies, music, maybe games."
UCZ7g7HfH1gWmhgxW47IcW7Q,Beyond the Frame,@TheAtoZReviewBlog,22000,15,video_essay_media,curated,2_small(10K-100K),1_sparse(<50),individual?,1466.7,True,1,"""wes anderson"" ""video essay"" supercut ""luis azevedo"" cinema",A series of audiovisual attempts to shine a light on lesser known film and TV.
UCVPlna2lQeeKCToUxAP16ew,Suede,@OfficialSuede,21500,65,video_essay_media,curated,2_small(10K-100K),2_moderate(50-200),org/brand,330.8,True,1,"Suede ""that dude in the suede"" pokemon review humor facts trivia",Welcome to Suede's official Youtube channel! Watch me talk about nerdiness and autism and whatever! I also do a pokemon series retrospective on my other channel so be sure to check that out!  Don't forget to check out my patreon for more http://www.patreon.com/Suede
UC1pW0V7t7AP29xa_f1G4yqw,Weebservations,@Weebservations,21000,16,video_essay_media,curated,2_small(10K-100K),1_sparse(<50),individual,1312.5,True,1,,"Live reactions, reviews, and rankings of all things anime and weeb pop culture. Follow me on Twitter or support me on Patreon for more updates! "
UC7vOjKF8-TGVimB572cMuDA,Novacanoo,@Novacanoo,19100,60,video_essay_media,curated,2_small(10K-100K),2_moderate(50-200),individual,318.3,True,1,,I write stuff.
UChK_Pcyve19oBKwy4wgMjFg,greysfavs,@greysfavs,16900,14,video_essay_media,curated,2_small(10K-100K),1_sparse(<50),individual?,1207.1,True,1,cgpgrey youtube,"Grey's favorite videos from around YouTube.  Internet culture, education, science, technology and more."
UCY4T1sMmfvUGuBaBboZY55Q,Amazing Animation Analysis,@AmazingAnimationAnalysis,16100,37,video_essay_media,curated,2_small(10K-100K),1_sparse(<50),individual?,435.1,True,1,"animation analysis ""animatio break down"" anime",Exploring the wonders of Animation! Hosted by Florian Walraven   
UCDAXXrX2uUwvy7NXpPJWAAg,Mike Rugnetta,@MikeRugnetta,15700,26,video_essay_media,curated,2_small(10K-100K),1_sparse(<50),individual,603.8,True,1,,Hi. I'm Mike.
UCeY9LCpPs50BdCNLhKaV_xw,docfuture1,@docfuture1,14500,66,video_essay_media,curated,2_small(10K-100K),2_moderate(50-200),individual?,219.7,True,1,,videos
UCILb-FfzxXNUz33Du0aAi_w,Bryan Saint,@thebryansaint,12200,37,video_essay_media,curated,2_small(10K-100K),1_sparse(<50),org/brand,329.7,True,1,,"Bryan Saint is a magician, speaker and voice over artist based out of Charlotte NC. He's one of the most in-demand entertainers in the Carolinas, he's performed internationally, and frequently makes appearance all over the US. Visit www.BryanSaint.com to find out how to make him part of your next ev"
UCoxX_0dWOl30YiO4mGp9ZGQ,vidthoughts,@vidthoughts,10700,4,video_essay_media,curated,2_small(10K-100K),1_sparse(<50),individual?,2675.0,True,1,,Discussions and ideas about the business and creation of online video brought to you be Hank Green.
UCEmM7OESxvBZs9bSKSOSQiA,ehmteevee,@ehmteevee,10400,1,video_essay_media,curated,2_small(10K-100K),1_sparse(<50),individual,10400.0,True,1,,"My name is Emily and I work in a museum, I like to bake and I love David Attenborough."
UChmiXKcdz-YDi7Ti73cR5VA,Quorators,@Quorators,9150,870,video_essay_media,curated,1_micro(<10K),3_prolific(200-1K),org/brand,10.5,True,1,"comedy podcast comedian internet quora ""jeremy kaplowitz"" ""alex ptak"" ""clare o'kane""","Comedians Clare O'Kane, Alex Ptak, and Jeremy Kaplowitz explore the mysterious land of Quora.com to answer life's questions.  ALL EPISODES AVAILABLE ON OUR PATREON: PATREON.COM/QUORATORS SIGN UP FOR FREE! "
UCaTuinpDb_pIhuF0QOPXyRQ,Suede's Pokémon Journey,@SuedeJourneys,8180,2,video_essay_media,curated,1_micro(<10K),1_sparse(<50),individual?,4090.0,True,1,,A channel for a long form retrospective of the Pokémon Animé. Why not
UC8Ubtzq6EXH8CPA9v7-1pmA,gone for good,@GetOfflineGetGood,4280,,video_essay_media,curated,1_micro(<10K),unknown,individual?,,True,1,"art comedy ""art history"" painting narration history architecture sculpture printmaking",
UCznlC7eh1IbzpI024aC93fg,ReviewCandy,@ReviewCandy,3370,11,video_essay_media,curated,1_micro(<10K),1_sparse(<50),org/brand,306.4,True,1,"""review candy"" reviewcandy ""thaddeus reviews"" ""thaddeus grant fenton"" ""thaddeus fenton"" thaddeus analysis ""movie review"" ""movie reviews"" review film ""comedy show"" movie ""funny movie reviews"" ""new movie reviews"" ""review entertainment"" ""review ent"" episode humor comedy entertainment funny show ""new show"" candy joy love emotions feels","Creating content to entertain, inspire, and bring joy to your heart.   Laugh | Think | Feel"
UCNzMN14ye39Rlk3JKuxBZDw,allthequestions,@allthequestions,2040,8,video_essay_media,curated,1_micro(<10K),1_sparse(<50),individual?,255.0,True,1,"education information answers questions curiosity science history learning biology chemistry earth space ""the universe"" ""no edge""","We have a very simple, very modest goal here at All The Questions...to answer all the questions."
UCCpBuow1g13oS8TUhakzKGQ,Kav P,@KavP,1810,85,video_essay_media,curated,1_micro(<10K),2_moderate(50-200),individual,21.3,True,1,"kavp funny comedy PUA satire ""Kav P""","Music. Travel. Cultural critique. Jim Carrey. I make a lot of different things and I hope there's something in here that you'll enjoy.  Like my work? Consider supporting me on Patreon! www.patreon.com/kavp  I've also started livestreaming some of my creative process, so viewers can get a sneak peak "
UCV5e-Ih5A-4qKb_n67zJTyg,Umbrella Terms,@UmbrellaTerms,1670,65,video_essay_media,curated,1_micro(<10K),2_moderate(50-200),org/brand,25.7,True,1,,Trans Xicana (She/Her) making video game reviews/analyses/retrospectives on indie games and obscure retro games. Hope you enjoy the videos!
UC_ZFT8XuMbVvZ9ck0_4Btag,Justin Sevakis,@jsevakis,454,32,video_essay_media,curated,1_micro(<10K),1_sparse(<50),individual?,14.2,True,1,,
UCVOiAPB-SBH6flZSpAMQZ-w,HumZillion,@humzillion,13,2,video_essay_media,curated,1_micro(<10K),1_sparse(<50),individual,6.5,True,1,,"Incredible inspirational proof of a spiritual realm—seeing is believing!  Watch video clips of astounding events that occurred to me and others that escalated after I saved a girl from harm by hitting a lamppost at nearly 20mph on my bicycle while triathlon training.  These events convinced me, a pr"
UCOxhwqKKlVq_NaD0LVffGuw,Lorde,@Lorde,5180000,115,music,curated,4_large(1M-10M),2_moderate(50-200),org/brand,45043.5,True,2,,This is the official YouTube channel for Lorde.
UCoNRSwYHJdy-yV1b82ZdHfQ,SethEverman,@SethEverman,4040000,58,music,curated,4_large(1M-10M),2_moderate(50-200),individual?,69655.2,True,2,"zelda drake seth everman setheverman eyebrow eyebrows brow brows bald shaved head piano music remix gaming nintendo memes meme ""billie eilish"" ""most liked comment"" synth keyboard",yeah
UC8h8NJG9gacZ5lAJJvhD0fQ,NardwuarServiette,@nardwuar,3820000,804,music,curated,4_large(1M-10M),3_prolific(200-1K),org/brand,4751.2,True,2,"Interviews Punk Evaporators Canada CiTR 101.9fm Radio Rap Indie Rock ""How did You Know That ?"" ""Who are you ?"" Pop ""Nardwuar the Human Serviette"" Vancouver ""Hip Hop""","Doot Doo!  Visit Nardwuar's official web site at www.nardwuar.com for more interviews, radio show archives, and information on how to purchase his DVDs, calendar, and LPs by the Evaporators."
UCDBrVr0ttWpoRY-_yZajp2Q,alyankovic,@alyankovic,3100000,248,music,curated,4_large(1M-10M),3_prolific(200-1K),individual?,12500.0,True,2,comedy music parody satire humor,Comedy / Parody / Satire
UCJvBEEqTaLaKclbCPgIjBSQ,Smooth McGroove,@SmoothMcGroove,2690000,346,music,curated,4_large(1M-10M),3_prolific(200-1K),individual?,7774.6,True,2,"acapella smooth mcgroove ""a cappella"" gaming",For business: SmoothMcGrooveBusiness@gmail.com  For Chinese Business: smoothmcgroove@youdaoads.com 
UC2_ZUXs5oDv9Crj3f72j9Yw,Nice Peter,@nicepeter,2610000,292,music,curated,4_large(1M-10M),3_prolific(200-1K),org/brand,8938.4,True,2,"""Nice Peter"" nicepeter shukoff Nice Peter picture songs funny epic rap battles of history","Music and humor to distract you from the trials of life. Please subscribe, leave a comment, let me know what's on your mind."
UCEgm-3RvRn4nCR-fGGVsfdQ,Mattias Krantz,@Mattiaskrantz,2140000,293,music,curated,4_large(1M-10M),3_prolific(200-1K),individual,7303.8,True,2,mattiaskrantz mattias krantz,I got my engineering degree from IKEA pls subscribe
UCnkp4xDOwqqJD7sSM3xdUiQ,Adam Neely,@AdamNeely,1830000,530,music,curated,4_large(1M-10M),3_prolific(200-1K),individual?,3452.8,True,2,jazz bass lesson teacher solo fusion inside//outside,"Video essays, lessons and vlogs on new horizons in music and music theory. NYC-based bass player and composer Adam Neely brings you a new video every Monday exploring what music means, and what it means to be a musician."
UCshObcm-nLhbu8MY50EZ5Ng,Benn Jordan,@BennJordan,1260000,270,music,curated,4_large(1M-10M),3_prolific(200-1K),individual,4666.7,True,2,"""benn jordan"" modular eurorack synthesizer gear ""the flashbulb"" analog korg roland moog arturia makenoise ""mutable instruments"" pedals","Hi, I'm Benn. I'm into music and science. Sorry about my eyebrow.  Contact email below is my management, not me personally.  "
UCdkkQvJoB0kGgYHCYwSkdww,Louie Zong,@everydaylouie,1170000,403,music,curated,4_large(1M-10M),3_prolific(200-1K),individual?,2903.2,True,2,,"animations, sometimes  other stuff at louiezong.com"
UCXLrdG_ZVt4US1iV40ytiQQ,Shawn Wasabi,@shawnwasabi,915000,39,music,curated,3_mid(100K-1M),1_sparse(<50),individual?,23461.5,True,2,midi fighter shawn wasabi pizza rolls m4sonic madeon nev sonevable mac cheese hotto dogu doggu original mashup,mgmt: ryan@motifmgmt.co   twitter/instagram @shawnwasabi facebook.com/shawnwasabi soundcloud.com/sssshawnnnn  
UCTUtqcDkzw7bisadh6AOx5w,12tone,@12tone,787000,395,music,curated,3_mid(100K-1M),3_prolific(200-1K),individual?,1992.4,True,2,,something something music theory.  Patreon: https://www.patreon.com/12tonevideos Mailing list: http://eepurl.com/bD4LeT Facebook: https://www.facebook.com/12tonevideos Twitter: https://twitter.com/12tonevideos Email: 12tone@nebula.tv
UC1R9fG_iKqvt9FIhEQH9nTA,Garfunkel And Oates,@garfunkelandoates,550000,71,music,curated,3_mid(100K-1M),2_moderate(50-200),org/brand,7746.5,True,2,"""Riki Lindhome"" ""Kate Micucci"" ""Garfunkel and Oates""",Garfunkel and Oates is all over your face.
UCl_dlV_7ofr4qeP1drJQ-qg,Tantacrul,@Tantacrul,465000,41,music,curated,3_mid(100K-1M),1_sparse(<50),individual,11341.5,True,2,"Music ""Song Writing"" Design Composition ""Music theory"" Classical ""Music Production"" Tutorial Tantacrul Teacher ""Music Software"" MuseScore Audacity Notation Comedy","Welcome to my channel, a place dedicated to exploring mainly music... but sometimes other things too. Philosophy, design and reflections on contemporary culture may pop up from time to time, so don't say I didn't warn you.  About me: I'm a musician first and foremost. I also have a product design ba"
UCEKRfoZ5t1VBdWfn9k6UgXw,Alex Moukala Music,@AlexMoukalaMusic,437000,158,music,curated,3_mid(100K-1M),2_moderate(50-200),individual?,2765.8,True,2,"""Alex Moukala Music"" ""Alex Moukala Cover"" ""Orchestral Videogame Covers"" ""Alex Moukala Orchestral Music"" ""videogame music react"" ""music producer reacts"" ""music producer reacts to videogame music"" ""videogame music theory""",Professional Music Composer obsessed with Final Fantasy. Maker of Videogame Music Analyses & Arrangements.
UCO5XcuQe_fLJVI3sZ0LmGCA,Nujabes,@Nujabes19740207,403000,95,music,curated,3_mid(100K-1M),2_moderate(50-200),org/brand,4242.1,True,2,,Nujabes Official Channel  YEN TOWN MARKET's Nujabes merchandise is an official collaborative project with Hydeout Productions. This Is A Tribute to Nujabes and dedicated to him and his family.  
UC6me-RzbQFQ-kRyr6BlGZWg,Paul E.T.,@paul_et,402000,35,music,curated,3_mid(100K-1M),1_sparse(<50),individual?,11485.7,True,2,"""Paul et"" paul ""Paul E.T. paulet""",movies are kewl
UC0tq0g5u2bo-TErZt7SJM6w,The Sound Traveler,@TheSoundTraveler,289000,26,music,curated,3_mid(100K-1M),1_sparse(<50),individual?,11115.4,True,2,Sound Traveler Binaural Audio,
UCzdbnf-pIJh-Qp6fdSb5ezw,collectivecadenza,@cdza,279000,39,music,curated,3_mid(100K-1M),1_sparse(<50),individual?,7153.8,True,2,music,Email us at hello [at] cdzamusic.com
UC0KdD41_dzHdDF1b1bN4cSw,Matt Mulholland YouTube,@MattMulhollandYouTube,208000,177,music,curated,3_mid(100K-1M),2_moderate(50-200),individual,1175.1,True,2,"""matt mulholland"" ""singer songerwriter"" singer ""original music"" pop ""contemporary pop"" ""indie pop"" ""new zealand music"" ""london musician"" ""brighton musician"" ""titanic flute"" ""my heart will go on recorder"" ""john mayer"" ""justin timberlake"" ""jazz pop"" ""adult contemporary"" ""musical theatre"" ""acoustic guitar"" ""cover songs"" ""theo katzman"" vulfpeck jazz musician ""youtube musician"" looping ""live looping"" ""live music""","Hey, I'm Matt! I'm a singer songwriter, multi-instrumentalist, and sometimes comedian. This is my YouTube channel. There's like fifteen years worth of stuff in here, so don't judge me.   I've now got some sweet music up on Spotify and what not, you should check it out 'cause it's really good. You ca"
UCMWdd9xaGXlgYHaTB8p4mdg,Radical Face,@RadicalFace,181000,116,music,curated,3_mid(100K-1M),2_moderate(50-200),individual,1560.3,True,2,"""Radical Face"" ""Ben Cooper"" Clone ""Electric President"" ""The Family Tree"" ""Welcome Home"" ""Always Gold""","Hi. My name is Ben. I make music, videos and visual art, and I like telling stories. Lately I've been doing them all at once. "
UCrpgBiPsx_9oEAw6znbeL-A,LowercaseJai,@LowercaseJai,86400,11,music,curated,2_small(10K-100K),1_sparse(<50),individual?,7854.5,True,2,"film game analysis ""film analysis"" ""game analysis"" funny ""video essay"" video essay ""essay analysis"" ""film channel"" ""good film analysis"" ""good video essays""",Building the future and keeping the past alive are one and the same thing.
UC8P_raHQ4EoWTSH2GMESMQA,Game Score Fanfare,@GameScoreFanfare,80900,31,music,curated,2_small(10K-100K),1_sparse(<50),org/brand,2609.7,True,2,"""game score fanfare"" ""video game music"" ""game music"" ""video essays"" ""game music analysis"" ""game analysis"" music ""music video essays"" ""music analysis"" ""teen dream""","Game Score Fanfare is a show that celebrates music in video games, an aspect so overlooked as that's often the point: to work without you even realising it's there. I look at games through the lens of its score, discovering the unique perspective and roles that music can bring.  "
UCRsSVa7zu3l5e0CI3j14NrA,soiboi soft,@soiboisoft,68900,10,music,curated,2_small(10K-100K),1_sparse(<50),individual?,6890.0,True,2,,soiboi soft is building the future of soft robotics and squishy machines! 🤖🦑✨  For business inquiries: soiboi_soft@intheblackmedia.com 
UCl4hLK-YKeHuCAvS8ZPVv5Q,the Mountain Goats,@theMountainGoats,64800,245,music,curated,2_small(10K-100K),3_prolific(200-1K),individual?,264.5,True,2,,"Pre-order new album 'Days' - out August 7, 2026: https://30tgrs.ffm.to/days  "
UCCtq5FqF_sklPX3MosHx6yA,mothcub,@mothcub,63700,277,music,curated,2_small(10K-100K),3_prolific(200-1K),individual?,230.0,True,2,mothcub commentary nostalgia movies artist,ʕ´•ᴥ•`ʔ੭━☆ﾟ.*･｡ﾟ* ゜・。。・゜☆  Really cool woman.   
UCbSVRvbYKLQ0zTodfkwz0sg,BluShades,@BluShades,48900,132,music,curated,2_small(10K-100K),2_moderate(50-200),individual,370.5,True,2,YouTube Commentary channel analysis editorials,Hello! Welcome to my channel where I make videos about internet videos!  I'm BluShades.  Twitter: https://twitter.com/NuckalasFugalas Facebook: https://www.facebook.com/BluShadesYoutube/
UCvZ8B2veUGTr3o2m8juPHaA,Justin Bennett,@TurboBeads,48500,345,music,curated,2_small(10K-100K),3_prolific(200-1K),individual?,140.6,True,2,"TurboBeads ""Pony Beads"" ""Kandi diy beads"" ""crafts art bead creations"" ""Bead Tutorials"" ""Kandi tutorials"" peyote Plur Jewelery tips ""bead patterns"" ""Simple Bead Tutorials""","Bead Tutorials, Creative ideas & Inspiration This Channel is all about sparking creativity and a positive messages With the use of Pony Beads, Delivering weekly bead tutorials [TurboBeads] teaching  you how to master the craft of beads, with new ideas, patterns and techniques. Sharing artistic inspi"
UCH_htag1J6WExOUuU4O2tzw,The Blanks Official YouTube Page,@theblanks4,38700,13,music,curated,2_small(10K-100K),1_sparse(<50),org/brand,2976.9,True,2,"""The Blanks"" ""Ted's Band"" Scrubs ""The Worthless Peons""",
UCcq87VVvahxpNJPvVCW4JAg,dftbarecords,@dftbarecords,28200,126,music,curated,2_small(10K-100K),2_moderate(50-200),org/brand,223.8,True,2,youtube creators merchandise nerdfighter vlogbrothers DFTBA Records,"Official channel of the DFTBA warehouse. Where you can buy a shirt with the face of our co-owner over the word ""Pizza"""
UCkcklGgf93ZgT6yAmnzT5mw,WangleLine,@WangleLine,10300,90,music,curated,2_small(10K-100K),2_moderate(50-200),individual?,114.4,True,2,"""Music Production"" ""Sound Design"" ""Music Making"" ""FL Studio"" SFX OST Soundtrack ""How to make music"" ""videogame music"" education Liney ""Wangel Line"" ""game development"" gamedev gamemaker vividerie",game developer & sound design nerd
UCcOqtDKbmll_Tt_GbTfqVHw,Hilltop,@hilltopworks,9570,46,music,curated,1_micro(<10K),1_sparse(<50),individual,208.0,True,2,,I'm on a mission to bring underappreciated Japanese-only classics to English speaking audiences.
UCt6wYCFW06WLKPUk4hh1pYQ,Lau Noah,@launoahmusic,7730,30,music,curated,1_micro(<10K),1_sparse(<50),org/brand,257.7,True,2,,"Welcome to the LAU world!  I'm a self taught guitarist, lyricist and composer with an obsession for all things profoundly beautiful.  Watch my performances with some of the most influential musicians of our time and check out my Patreon and my website for upcoming live events.  Long live live music!"
UCMEn6ipxxYCUc42t3d2JoIg,James Howell,@ShockleyHaynes,6960,432,music,curated,1_micro(<10K),3_prolific(200-1K),org/brand,16.1,True,2,,"Narrative Designer & Writer. Uploads are part substantive games criticism, part whatever.  You can find additional critical writing at www.deltaheadtranslation.com.  I sporadically update a podcast about poetry and videogames. You can find it here: https://deltahead.libsyn.com/  Twitter: @Adilegian "
UCowuKMdyqXpu4jNeFLlpa3A,Shogo Sakai (NekoChill / 酒井省吾 ),@Shogo_Sakai,3720,113,music,curated,1_micro(<10K),2_moderate(50-200),individual,32.9,True,2,8bit Music Composition Mozart GameMusic Composer ８ビット ミュージック 音楽 ゲーム音楽 コンポーザー モーツァルト 酒井省吾 Shogo Sakai MOTHER3 cats CAT ねこ ネコ 猫,このチャンネルでは、心を落ち着かせるピアノ中心のチルアウト音楽を公開しています。これまで私は本名名義で、主にゲーム音楽を制作してきましたが、その肩書やイメージから少し距離を置き、今の自分自身を癒すための、静かで内省的な音楽を作りたいと感じるようになりました。世界で起きている出来事に心が重くなる中、速さや刺激よりも、穏やかさや余白を求めています。「NekoChill」というアカウントは、「誰かのため」だけでなく「自分自身に語りかけるための音楽」を置く場所です。この音楽が、あなたにとっても少し立ち止まれる時間になれば作曲者としてよろこびです。 【Channel Description】 This 
UCNh1ufhc1xCa26M0nYurpNQ,Trace Five,@TraceFive,1680,161,music,curated,1_micro(<10K),2_moderate(50-200),individual?,10.4,True,2,"LCG CCG ""Board Games"" ""Card Games"" Netrunner",We record cardboard on video. Currently we're focusing on the Living Card Game Android: Netrunner. Follow us to keep tracking which decks hit the tables of European metas!
UC9WjW6wtbfMS4UX2v_UZEZw,Stay Inside,@stayinsidebk,795,6,music,curated,1_micro(<10K),1_sparse(<50),individual?,132.5,True,2,,"Brooklyn, NY Alternative / Indie / Emo Bryn, Chris, Chris, and Vishnu and sometimes Matt and Shelley "
UC6euVgmyxub4W4ik6AnITsQ,dovsky,@dovski,597,13,music,curated,1_micro(<10K),1_sparse(<50),individual?,45.9,True,2,,artist.   
UCq9bKTz5hPqkPwGGTRZjN0A,Strangest Quiet,@strangestquiet4294,378,1,music,curated,1_micro(<10K),1_sparse(<50),individual?,378.0,True,2,,
UCr3_qogGjXtYukgRlsJry-g,ShadyVox,,,,music,curated,unknown,unknown,individual?,,,2,,
UCPDXXXJj9nax0fr0Wfc048g,Dropout,@dropout,15300000,5300,comedy_sketch,curated,5_mega(>10M),4_firehose(>1K),org/brand,2886.8,True,3,"originals comedy dropout ""dropout tv"" ""game changer"" ""dimension 20"" ""make some noise"" ""very important people"" ""sam reich"" ""brennan lee mulligan""","Welcome to Dropout's Youtube channel!  You can support us by signing up for Dropout.tv, our subscription video platform that features a ton of exclusive content and series for only $7/month (that's less than a quarter a day). See tons of Um Actually, Game Changer, Dimension 20, Breaking News, Total "
UCDsO-0Yo5zpJk575nKXgMVA,RocketJump,@rocketjump,8990000,351,comedy_sketch,lexicon,4_large(1M-10M),3_prolific(200-1K),individual?,25612.5,True,3,freddiew wong freddie vghs action fred video game humor funny movie short film freddy partner guitar hero vfx explosion,"FreddieW, VGHS, RocketJump: The Show, Dimension 404, Anime Crimes Division, 2/5ths of Dungeons and Daddies, We're All Gonna Die, and so on"
UC67f2Qf7FYhtoUIF4Sf29cA,Bad Lip Reading,@BadLipReading,8080000,140,comedy_sketch,curated,4_large(1M-10M),2_moderate(50-200),individual,57714.3,True,3,"""bad lip reading"" comedy ""lip dub"" BLR",Hello. You are welcome to contact me at the email shown below (and in the channel header).  You can also DM me on Instagram or Twitter.  I'm around. Thanks for visiting this weird little corner of the internet.  
UCOYWgypDktXdb-HfZnSMK6A,TomSka,@TomSka,7570000,181,comedy_sketch,curated,4_large(1M-10M),2_moderate(50-200),individual?,41823.2,True,3,TomSka asdf asdfmovie tom darksquidge ridgewell adsf crash zoom,Comedy and cartoons from Thomas 'TomSka' Ridgewell and his friends! Not suitable for kids. 
UC4G10tk3AHFuyMIuD3rHOBA,RDCworld1,@RDCworld1,7320000,540,comedy_sketch,curated,4_large(1M-10M),3_prolific(200-1K),org/brand,13555.6,True,3,Rdcworld1 Comedy Vlogs Skits Entertainment Rdcworld Anime SupremeDreams RDC,"RDCworld1 is all about making our fans laugh. We provide entertainment through skits, vlogs, short films, and more. Therefore, if you come across this channel please join our world and leave feedback!   ""Anticipating rain, I can't make the same mistakes again.""   Thank you for all of y'alls support!"
UCq6aw03lNILzV96UvEAASfQ,bill wurtz,@billwurtz,5530000,437,comedy_sketch,curated,4_large(1M-10M),3_prolific(200-1K),individual?,12654.5,True,3,,is slef
UCsvazPPlhZlch0-Z3wPByeg,TeamFourStar,@TeamFourStar,4450000,777,comedy_sketch,curated,4_large(1M-10M),3_prolific(200-1K),org/brand,5727.2,True,3,"""Dragonball Z"" Anime DBZ Dragonball ""Dragon Ball Z"" ""Dragon Ball"" ""Final Fantasy VII"" ""Final Fantasy 7"" FF7MA ""Hellsing Ultimate"" ""Hellsing Ultimate Abridged"" ""DBZ Funny moments"" ""Dragonball Z Parody"" Abridged ""Anime Parody"" ""Funny Anime"" ""Video game parody"" tfs teamfourstar ""animated parody"" animation cartoons",Creating parodies and animation for 18 years. Also spawned Tales Unwritten and Space Duck Video. 
UCVpankR4HtoAVtYnFDUieYA,Ze Frank,@zefrank,4270000,478,comedy_sketch,curated,4_large(1M-10M),3_prolific(200-1K),individual?,8933.1,True,3,"zefrank ze ""true facts"" ""human test""",Shirts and merch! https://ze-true-store.myshopify.com/ https://www.patreon.com/truefacts 
UC6MFZAOHXlKK1FI7V0XQVeA,ProZD,@ProZD,3930000,2300,comedy_sketch,curated,4_large(1M-10M),4_firehose(>1K),individual,1708.7,True,3,,"I'm a voice actor. If you're in need of my services, email me at prozdkp@gmail.com  You can mail stuff to  SungWon Cho PO Box 7426 Burbank, CA 91510"
UC81hVmI5eEBIt3s3HQpJd_w,boburnham,@boburnham,3830000,39,comedy_sketch,curated,4_large(1M-10M),1_sparse(<50),individual?,98205.1,True,3,,
UCmQXOAse-VnzuXHebX5I77g,Charlotte McDonnell,@charlotteissocoollike,2069999,4,comedy_sketch,curated,4_large(1M-10M),1_sparse(<50),individual?,517499.8,True,3,charlie charlieissocoollike uk england british vlogger video blogger blogging,
UCtqxG9IrHFU_ID1khGvx9sA,All Gas No Brakes,@allgasnobrakesshow,1680000,25,comedy_sketch,curated,4_large(1M-10M),1_sparse(<50),individual?,67200.0,True,3,"""all gas"" interviews ""all gas no brakes"" ""andrew callaghan"" Interviews ""Funny interviews"" Aliens ""Flat eartth""",Interviews from the road.  Full uncut exclusive episodes: patreon.com/allgasnobrakes  Merch: https://www.allgasnobrakes.shop 
UC3tMH8u6yG3mSxi-qpfmpkA,TomSka & Friends,@TomSkaAndFriends,1570000,487,comedy_sketch,curated,4_large(1M-10M),3_prolific(200-1K),individual?,3223.8,True,3,TomSka asdf asdfmovie Eddsworld tom ridgewell,Dumb videos from TomSka and his friends. Definitely not suitable for kids.   
UCekYgu4qTiqVtLcxgBbhjnw,Vought International,@voughtintl,1160000,87,comedy_sketch,curated,4_large(1M-10M),2_moderate(50-200),org/brand,13333.3,True,3,,"Vought International is a global leader in the media, retail, energy, and pharmaceutical sectors. We are here for you!"
UCakAg8hC_RFJm4RI3DlD7SA,brian david gilbert,@briandavidgilbert,1150000,80,comedy_sketch,curated,4_large(1M-10M),2_moderate(50-200),individual?,14375.0,True,3,brian david gilbert BDG comedy funny song music love sing comeback live work dance jokes,songs and things  https://patreon.com/briandavidgilbert https://briandavidgilbert.com business inquiries: briandavidgilbert.com/contact
UCyWDmyZRjrGHeKF-ofFsT5Q,Internet Comment Etiquette with Erik,@commentiquette,1080000,333,comedy_sketch,curated,4_large(1M-10M),3_prolific(200-1K),individual?,3243.2,True,3,"commentiquette letsgotoclass ""driving on salvia"" ""internet comment etiquette"" ""talking to girls""","Follow Teacher Erik as he guides you through the muck of the internet. Together, we'll learn how to leave proper and respectful internet comments!"
UCNmXRwlQMlyXtLj-L9x3hLQ,OlanRogers,@OlanRogers,1050000,133,comedy_sketch,curated,4_large(1M-10M),2_moderate(50-200),individual?,7894.7,True,3,"""olan rogers"" comedy video ""final space"" adultswim stories story stories sketches ballonshop ""lion's blaze""",
UC2NU0s1H0p9N4jvF7qV59vA,Little Kuriboh,@LittleKuribohChannel,884000,643,comedy_sketch,curated,3_mid(100K-1M),3_prolific(200-1K),org/brand,1374.8,True,3,,"You've activated my YouTube card!  Welcome to my channel! I'm LittleKuriboh, creator of Yu-Gi-Oh The Abridged Series. I'm currently working on a bunch of different shows for YouTube that you'll be seeing in the coming weeks, while also moonlighting as a professional voice actor.  If you came for YGO"
UCEr0CtoODV2mCMjjMHooLWQ,potterpuppetpals,@potterpuppetpals,647000,30,comedy_sketch,curated,3_mid(100K-1M),1_sparse(<50),org/brand,21566.7,True,3,"""potter puppet pals"" ""harry potter"" ""mysterious ticking noise"" ""neil cicierega"" ""jk rowling""",Official Potter Puppet Pals
UCJOzFn6EU1wxQlEhbor14RA,Sailor J,@SailorJ,464000,7,comedy_sketch,curated,3_mid(100K-1M),1_sparse(<50),individual?,66285.7,True,3,"Comedy Skits Makeup Music ""Musical Festivals"" ""Sailor Moon"" Parody",Let's do this thang.
UCmlO0uKVlFc-S4XAbIaP4Mg,Agent Mystery Meat,@AgentMysteryMeat,453000,95,comedy_sketch,curated,3_mid(100K-1M),2_moderate(50-200),org/brand,4768.4,True,3,"""Naseer Pasha"" ""Nas Pasha"" ""Mystery Meat"" anime animation tutorial drawing sketching manga ""Dragon Ball"" ""LEGEND a Dragon Ball Tale"" fanart sakuga","Just an animator who spends too much time in the chamber.  Much respect for your time, attention, and support.    On to the next one!  "
UCp1xCZ4ODNM2OJuKoBrghDA,Auralnauts,@Auralnauts,398000,238,comedy_sketch,curated,3_mid(100K-1M),3_prolific(200-1K),individual?,1672.3,True,3,"auralnauts ""auralnauts star wars"" ""star wars parody"" ""jedi party"" outtakes ""darth trump"" ""bane outtakes"" ""star wars remix"" ""kill count"" ""kylo ren outtakes"" ""movie parody"" ""star wars abridged""","Auralnauts is comedy overdubs, sound design, music production, and a concerning number of Star Wars opinions. "
UC1qC39KQoTG6LqgL_YnjSSQ,Glove and Boots,@GloveandbootsOfficial,359000,343,comedy_sketch,curated,3_mid(100K-1M),3_prolific(200-1K),individual?,1046.6,True,3,"""Glove and Boots"" gloveandboots ""youtube puppet show"" ""youtube puppets"" mario fafa ""product testing"" number interview ""glove and boots product testing"" ""glove and boots outtake"" ""glove and boots gaming"" ""glove and boots johnny t"" ""glove and boots new york"" ""restaurant etiquette"" ""try not to laugh"" ""puppet web series"" ""glove and boots gorilla"" ""funny videos"" pizza ""new york pizza"" ""chicago pizza"" ""good pizza"" ""pizza battle"" shadow ""shadows in my room"" ""me and my shadow"" shadows",A YouTube puppet web series.  With puppets.  On YouTube.
UC3VHfy8e1jbDnT5TG2pjP1w,meow,@saraj00n,319000,1,comedy_sketch,curated,3_mid(100K-1M),1_sparse(<50),individual?,319000.0,True,3,"socialism ""means tv"" aoc ""socialist netflix"" ""streaming service"" ""bernie sanders"" comedy politics progressive",
UCe_MQaw_UbecDe4PChWXYIQ,charlieissoboredlike,@charlieissoboredlike,302000,,comedy_sketch,curated,3_mid(100K-1M),unknown,individual?,,True,3,,
UCrQieQckb9Fw9-SD7BdkpjQ,HAWPOfficial,@HAWPOfficial,283000,157,comedy_sketch,curated,3_mid(100K-1M),2_moderate(50-200),org/brand,1802.5,True,3,"""hey ash"" hawp ""hey ash whatcha playin'"" ""ashly burch"" ""anthony burch"" ""ashley davis"" ""papa b"" ""video games"" ""game trailers"" ""hey ash whatcha playin"" comedy gaming ""once upon a pixel"" ""how games saved my life""","Business Inquires: https://hawp.wufoo.com/forms/z1xmrsn31p6spa1  Check us out at: www.heyash.com  One part Anthony Burch, one part Ashly Burch, three parts Papa Burch, four parts video games and two parts surreal humor for one Hey Ash, Whatcha Playin'?  Let cool for ten minutes after baking. Makes t"
UCIdVOofoUN2rWQPLHX6xmJw,nathanfielder,@nathanfielder,280000,32,comedy_sketch,curated,3_mid(100K-1M),1_sparse(<50),individual?,8750.0,True,3,nathan fielder nathanfielder.com 22 minutes,"These are shorts.  Do you like them?  This is Nathan Fielder on youtube."
UCdnteqJUEFetgKgWItToLHg,adef,@adef,268000,147,comedy_sketch,curated,3_mid(100K-1M),2_moderate(50-200),org/brand,1823.1,True,3,"adef pokemon science probability hm02 fly ""pokemon science"" math mathematics ""video games"" glitches speedrun speed run ""speed run"" any% ""world record"" history ""wr history"" ""world record history""",Teaching math & science via video games
UCWZ3HFiJkxG1K8C4HVnyBvQ,Vic Berger,@VicBerger,211000,242,comedy_sketch,curated,3_mid(100K-1M),3_prolific(200-1K),individual?,871.9,True,3,Vic Berger IV,SUPPORT THE VIDEO BOYZ www.patreon.com/videoboyz 
UCgBVkKoOAr3ajSdFFLp13_A,KRAZAM,@KRAZAM,187000,51,comedy_sketch,curated,3_mid(100K-1M),2_moderate(50-200),individual?,3666.7,True,3,krazam comedy internet tech computers,Unlock the secrets to ETERNAL DIGITAL LONGEVITY
UCWdThUGn6xcAtmxBDjOUY6w,Jesse Tribble,@JesseTribble,180000,50,comedy_sketch,curated,3_mid(100K-1M),2_moderate(50-200),individual,3600.0,True,3,"""video essay"" film cinema review analysis movie writing criticism editing television genre history ""pop culture"" storytelling cinematography drama art ""deep dive"" breakdown directing explained commentary retrospective theme series music score symbolism adaptation screenwriting media filmmaking scene composition theory entertainment character shot production script narrative worldbuilding soundtrack screenplay plot structure design narration animation ""visual effects"" VFX ""practical effects""",I like talking about films and making video essays.
UCO-zhhas4n_kAPHaeLe1qnQ,The Technical Difficulties,@techdif,179000,29,comedy_sketch,curated,3_mid(100K-1M),1_sparse(<50),org/brand,6172.4,True,3,"""Tom Scott"" ""Matt Gray"" ""Gary Brannan"" ""Chris Joel"" ""The Technical Difficulties"" TechDif TechDiff ""Citation Needed"" TOTPAL ""Two Of These People Are Lying"" ""Reverse Trivia"" ""Tech Dif"" ""Tech Diff"" adventures ""bucket list"" ""technical difficulties"" citation needed","The home of Tom Scott, Matt Gray, Gary Brannan and Chris Joel.  Previously we brought you Citation Needed and Two Of These People Are Lying. Due to YouTube's limitations, we can't move our old videos onto this new channel, but we've created playlists of all our old videos so they're easy to find.  E"
UCMHtVwCWo88DFzF6PikFOfQ,Kofie,@KofieWhy,137000,88,comedy_sketch,curated,3_mid(100K-1M),2_moderate(50-200),individual?,1556.8,True,3,"""Kofie Why"" Sports NBA Basketball Kofie Nebula",Love you https://beacons.ai/kofie
UCurvu3r_s-yq-6f9WRs4TKA,TheRealBradNeely,@TheRealBradNeely,136000,54,comedy_sketch,curated,3_mid(100K-1M),2_moderate(50-200),org/brand,2518.5,True,3,"""Brad Neely Comics Baby Cakes Professor Brothers Superdeluxe China"" ""IL Adult Swim""",Official and Unedited Brad Neely Comics
UCaDQ-IrcLEcK6SnlsHdWw6Q,Demi Adejuyigbe,@demiadejuyigbe,122000,55,comedy_sketch,curated,3_mid(100K-1M),2_moderate(50-200),individual,2218.2,True,3,,hello. i made all of these videos
UCUvGQUqJhUAOLKQry-56_kQ,truthorfail,@truthorfail,117000,93,comedy_sketch,curated,3_mid(100K-1M),2_moderate(50-200),individual?,1258.1,True,3,"trivia ""game show"" game entertainment ""quiz show""","It's very simple: we tell you two facts - you choose the Truth, or you Fail!"
UCnmUuDYfj_xaWrTHzUfkGiA,KaiserNeko,@KaiserNeko,111000,168,comedy_sketch,curated,3_mid(100K-1M),2_moderate(50-200),org/brand,660.7,True,3,,Voice Actor | Graphics Designer | Video Editor | Writer | Director  Co-Founder & CEO of TFS Entertainment (@TeamFourStar)  (Icon by @BrachyZoid)  
UCDQ5X_HslGuWb9Grkqm1toA,MartSnack,@martsnack,92800,3,comedy_sketch,curated,2_small(10K-100K),1_sparse(<50),individual?,30933.3,True,3,,
UCVavh25yuXxP0kjoS07zHJw,HangoverUncensored,@HangoverUncensored,52500,65,comedy_sketch,curated,2_small(10K-100K),2_moderate(50-200),individual?,807.7,True,3,"cartoon animation uncensored cartoons mondo ""shutup cartoons"" ""shut up cartoons"" profanity","Too $%@& for TV!  Cartoon Hangover is the home for cartoons that are too weird, wild, and crazy for television. Cartoon Hangover is able to bring great characters, hilarious cartoons, and some of the highest quality animation on the Internet."
UCdpkTMgFiDkcAnNV7TmXntA,Cheese Turbulence,@CheeseTurbulence,52200,87,comedy_sketch,curated,2_small(10K-100K),2_moderate(50-200),individual,600.0,True,3,,Just making videos about the tech I like 🙂 
UCjp8vhFc8-00d2EAjR_l2xg,zefrankenfriends,@zefrankenfriends,51600,12,comedy_sketch,curated,2_small(10K-100K),1_sparse(<50),individual?,4300.0,True,3,,"Smaller, safer, happysad. New home of ashow with zefrank."
UC0PaBV-dnob7MC9zsTgbOAQ,Jordan Myrick,@jordanmyr1ck,49500,375,comedy_sketch,curated,2_small(10K-100K),3_prolific(200-1K),individual?,132.0,True,3,,"comedian, writer, actor, eater  P.O. BOX 4037 Burbank, CA 91503 "
UC2c3abeLHvx-ZaNMKOnsNgg,GanXingba,@GanXingba,40500,6,comedy_sketch,curated,2_small(10K-100K),1_sparse(<50),individual?,6750.0,True,3,,"Avatar Abridged now has a website! It has all the episodes and specials, including Episode 6 and Episode 11!  http://avatarabridged.com/"
UCc2eneiSu8IQ5aGrzcAta6A,SPEED BOAT DOPE,@SpeedBoatDope,24100,50,comedy_sketch,curated,2_small(10K-100K),2_moderate(50-200),individual?,482.0,True,3,"""chapo trap house"" podcast ""podcast clips"" politics ""politics podcast"" ""chapo trap house clips"" ""chapo trap house clip"" ""speed boat dope""","Speed Boat Dope is the source for political comedy discussions, clips, and edits.  "
UC3XrWeEDHIHomiDZ1gSV38g,Navek,@navekeng,23700,13,comedy_sketch,curated,2_small(10K-100K),1_sparse(<50),individual?,1823.1,True,3,"linux ""software engineer"" code sre",
UCdG6SFYlGwsOeZU0TuZoCGA,truthorfailnosub,@truthorfailnosub,17100,161,comedy_sketch,curated,2_small(10K-100K),2_moderate(50-200),individual?,106.2,True,3,,"This is where you'll find bits of fascinating information, regular science news, and explanations of how the universe (and all the stuff in it) works."
UCalZwqp5_aH65DGgFTz2VSw,Trauma Tonight with Harry Dreyfuss AMFT,@traumatonight,15800,50,comedy_sketch,curated,2_small(10K-100K),2_moderate(50-200),org/brand,316.0,True,3,,"Hi chat! If you're here because you watched ""Trauma Dump,"" I’ve got three announcements for you:  1. A new completely unrelated to gamechanger show is on the way.  2. While that’s in the works, I want to be a free resource. Share your questions about mental health, therapy, or trauma in the comments"
UCcvDaO3i92YW8Eh6SGl-TIQ,Nickolas Nameolas,@NickolasNameolas,15100,43,comedy_sketch,curated,2_small(10K-100K),1_sparse(<50),individual?,351.2,True,3,,Is this the edge of the matrix? patreon.com/NickolasNameolas 
UC69xezPrX2RBtdZcuGr7pcA,Isabella Roland,@IsabellaRolandFilms,13300,31,comedy_sketch,curated,2_small(10K-100K),1_sparse(<50),individual?,429.0,True,3,,
UCGRhAtuoBI6y0h9BblsxVdQ,JeremyThunder,@JeremyThunder,11800,1,comedy_sketch,curated,2_small(10K-100K),1_sparse(<50),individual?,11800.0,True,3,"""cities skylines"" netherlands city",City boy and podcaster
UCQEUvBxemTOMYSEVaTNumRw,Jamie Loftus,@JamieLoftus666,9890,150,comedy_sketch,curated,1_micro(<10K),2_moderate(50-200),individual?,65.9,True,3,,content dumpster
UCTY2yk-y9LxKbRXm4Bx1heA,Donald Faison,@shundigga,9470,26,comedy_sketch,curated,1_micro(<10K),1_sparse(<50),individual?,364.2,True,3,donald faison stop motion animation lego,
UC36UUkZ7K5YZi562PDGczSw,Emmy Blotnick,@emmyblotnick,8540,42,comedy_sketch,curated,1_micro(<10K),1_sparse(<50),individual?,203.3,True,3,,"EMMY BLOTNICK is a stand-up comedian, actor, writer and producer based in New York.   She has served as a supervising producer on FX’s comedy series ENGLISH TEACHER and Peacock’s animated series IN THE KNOW, produced by Bandera. Additional writing credits include Mel Brooks's HISTORY OF THE WORLD: P"
UCAx8zJVSVrVvB5dvaTYzXpw,Greyt Show,@GreytShow,7880,57,comedy_sketch,curated,1_micro(<10K),2_moderate(50-200),individual?,138.2,True,3,"greyhound greyhounds ""retired racing greyhound"" ""retired racing greyhounds"" ""Greyt Show"" ""Greyt Show of Greyhounds"" dog dogs ""racing greyhound"" ""racing greyhounds"" sighthound sighthounds pets ""greyhound adoption"" ""adopting a greyhound""","The Greyt Show of Greyhounds looks at this interesting breed of dog to explain their unique place in the world, and how one can be part of yours.  New videos on the first of the month!"
UC4CVLBUj7Zy9PwUHv58x4sg,Even Idiots Can Make Anime,@EvenIdiotsCanMakeAnime,7340,3,comedy_sketch,curated,1_micro(<10K),1_sparse(<50),individual?,2446.7,True,3,"anime ""how to anime"" ""how to make anime"" ""making anime"" animation comedy","Even Idiots Can Make Anime!  In this show Scrooby and Florian will teach you about all the ins and outs of story boarding, creating appealing protagonists, making gripping animations and even using excel sheets! We’ll go through each step of the creation process and you’ll find out how ridiculously "
UCAOvjtWS7oJqLS1X3-g_mxQ,Plus2Joe,@Plus2Joe,5690,81,comedy_sketch,curated,1_micro(<10K),2_moderate(50-200),individual?,70.2,True,3,,"PO BOX:  Joe Homes PO Box 95894 Seattle, WA 98145  Twitter: http://Twitter.com/plus2joe Tumblr: plus2joe.tumblr.com Job Hunters: http://youtube.com/watchjobhunters"
UC-_PcfltpiVm3VmI_z9FZlw,Gamblor,@gamblor3319,5170,1,comedy_sketch,curated,1_micro(<10K),1_sparse(<50),individual?,5170.0,True,3,,
UC6DbLEHgTj6VK7LvtzoGSIw,Ray Ramses,@RayRamses,4560,14,comedy_sketch,curated,1_micro(<10K),1_sparse(<50),org/brand,325.7,True,3,,I talk about our current late stage capitalism as a leftist from the global south.  Contact me through twitter: https://twitter.com/arachnomutalisk
UCm7WyIWYAVn5Py-GmpwQ2RA,Olivia Griffin,@og_oliviagriffin,3020,66,comedy_sketch,curated,1_micro(<10K),2_moderate(50-200),individual?,45.8,True,3,,OG Olivia Griffin Singer/Actor/Musician/Songwriter Subscribe to stay updated on content!
UC2iv6kOWe37G8PQMOz-ttjg,sweetDawg,@waytothewoods,1960,1,comedy_sketch,curated,1_micro(<10K),1_sparse(<50),individual?,1960.0,True,3,,
UCEzWOOl-1mefMTBofYjc7Dg,Table 8 Productions,@Table8Productions,1900,146,comedy_sketch,curated,1_micro(<10K),2_moderate(50-200),org/brand,13.0,True,3,table productions table8productions table8 rockumentary annoying roommate game underthinker funny humor comedy comedycity laugh checkers boozer cruiser annoy room mate carl,"Table 8 Productions is a group improvisational comedians who joined together to bring you original, funny videos!"
UC-XB9YZ-knOFo6YESKa7q1Q,The SUPERWRESTLERS!,@superwrestlers,1760,103,comedy_sketch,curated,1_micro(<10K),2_moderate(50-200),org/brand,17.1,True,3,"wrestling ""pro wrestling"" ""star wars"" ""back to the future"" ""sci fi"" chicago ""chicago theater"" ""chicago comedy"" ""chicago music"" ""stand up comedy"" improv ""time travel"" transformers wwe aew youtube ""comic books"" ""marvel comics"" ""dc comics"" ""action figures"" ""g.i. joe"" ""video games"" ""live music"" cartoons animation robots ""chicago wrestling"" ""masters of the universe"" toys ""toy collecting"" ""things to do in chicago""","The Official YouTube Channel for Earth's Strangest Pro Wrestling Company-- The SUPERWRESTLERS!  The innovative and ground-breaking SUPERWRESTLERS return to the CONCORD MUSIC HALL for their first Saturday show, SATURDAY AUGUST 29, 2026 for SATURDAY NIGHT SUPERWRESTLERS! The latest chapter of their cr"
UCUNLq3Vrf807S3Uo3cnRFZQ,Hyenas and Gin,@HyenasandGin,1470,54,comedy_sketch,curated,1_micro(<10K),2_moderate(50-200),org/brand,27.2,True,3,,"Making “deep dives” and “hot takes” films, video games and anime. subscribe to my patreon https://www.patreon.com/hyenasandgin   buy me a ko-fi https://ko-fi.com/hyenasandgin"
UCGTh1c-Ap9b1ZOHjkCEdpKw,katbamkapow,@katbamkapow,1330,174,comedy_sketch,curated,1_micro(<10K),2_moderate(50-200),individual?,7.6,True,3,,
UCDOx3X0Pb5m4fDTtBg7RzLA,Do You Validate,@DoYouValidate,473,218,comedy_sketch,curated,1_micro(<10K),3_prolific(200-1K),org/brand,2.2,True,3,"comedy ""role playing games"" masks ""rude tales of magic"" ""dungeon and dragons"" ""actual play"" ""real play"" games ""table top"" TTRPG ""Belleza Comienz... con V"" ""Pasion de las Pasiones"" ""Jack Packard""","A comedy podcast and video production company that produces Critical Bits, Oddity Roadshow, S.S. Bad Ship, and In Person Live."
UCLw4zSJ6MfvwWXFiwtdwqPw,ichibanhomie,@ichibanhomie8283,117,8,comedy_sketch,curated,1_micro(<10K),1_sparse(<50),individual?,14.6,True,3,"""Legends of Runeterra"" LOR Decks Memes",
UCR2_S73hk9tsQm3wfMhrCmg,Bitch Avenue,@bitchavenue5844,64,12,comedy_sketch,curated,1_micro(<10K),1_sparse(<50),individual?,5.3,True,3,,From the minds of Leora Ben-Zev and Annaleigh Stone
UC-NK8lZ2qZd_cajIdfnj85A,Faulerro,,,,comedy_sketch,curated,unknown,unknown,individual?,,,3,,
UCJEEBGR1_4tM3uDaXQ-Aqjw,PurpleEyesWTF,,,,comedy_sketch,curated,unknown,unknown,individual?,,,3,,
UCZzXTv6tbD_VVwcaUuu8rFw,Little Kuriboh,,,,comedy_sketch,curated,unknown,unknown,individual?,,,3,,
UCX6b17PVsYBQ0ip5gyeme-Q,CrashCourse,@crashcourse,17100000,1600,general_education,curated,5_mega(>10M),4_firehose(>1K),org/brand,10687.5,True,4,"history biology literature learning education science humanities school ""world history"" AP tests smart fun chemistry psychology APUSH WHAP study ""crash course"" crashcourse studying review ""hank green"" ""john green""","At Crash Course, we believe that high-quality educational videos should be available to everyone for free! Subscribe for weekly videos from our current courses! The Crash Course team has produced more than 50 courses on a wide variety of subjects, ranging from the humanities to sciences and so much "
UC2C_jShtL725hvbm1arSV9w,CGP Grey,@CGPGrey,7030000,195,general_education,curated,4_large(1M-10M),2_moderate(50-200),individual?,36051.3,True,4,education explanation,
UCBa659QWEk1AI4Tg--mrJ2A,Tom Scott,@TomScottGo,6720000,748,general_education,curated,4_large(1M-10M),3_prolific(200-1K),individual,8984.0,True,4,,"Hi, I'm Tom Scott. These are some of the things I've made and done. They'll probably come back to haunt me in a few years' time.  Contact me: https://www.tomscott.com/contact/  • • •  This channel is a production of Pad 26 Limited, registered in England and Wales, № 11662641. Registered office: Amel"
UC9RM-iSvTu1uPJb8X5yp3EQ,Wendover Productions,@Wendoverproductions,4900000,284,general_education,curated,4_large(1M-10M),3_prolific(200-1K),org/brand,17253.5,True,4,education animated aviation wendover productions half as interesting,"Wendover Productions is all about explaining how our world works. From travel, to economics, to geography, to marketing and more, every video will leave you with a little better understanding of our world. New videos go out every other Tuesday."
UCGaVdbSav8xWuFWTadK6loA,vlogbrothers,@vlogbrothers,4099999,2400,general_education,curated,4_large(1M-10M),4_firehose(>1K),individual?,1708.3,True,4,"nerdfighters DFTBA ""Hank Green"" ""John Green"" comedy books nerds dorks music awesome",Raising nerdy to the power of awesome.
UCOT2iLov0V7Re7ku_3UBtcQ,Hank Green,@hankschannel,3190000,1200,general_education,curated,4_large(1M-10M),4_firehose(>1K),individual?,2658.3,True,4,,
UCy0tKL1T7wFoYcxCe0xjN6Q,Technology Connections,@TechnologyConnections,3180000,231,general_education,curated,4_large(1M-10M),3_prolific(200-1K),individual?,13766.2,True,4,,
UCimiUgDLbi6P17BdaCZpVbg,exurb1a,@Exurb1a,2980000,85,general_education,curated,4_large(1M-10M),2_moderate(50-200),individual,35058.8,True,4,,"Universe is weird, yo.  Second channel for silliness ► https://www.youtube.com/channel/UCcoO-8J0EYQHGPFQqwmAzVQ  Books what I wrote ► https://tinyurl.com/ycnl5bo3  T-shirts, mugs, and sadness ► https://teespring.com/stores/exurb1a Discord server ► https://discord.gg/76ybBSR Like shit music? I attemp"
UCuCkxoKLYO_EQ2GeFtbM_bw,Half as Interesting,@halfasinteresting,2930000,571,general_education,curated,4_large(1M-10M),3_prolific(200-1K),individual?,5131.3,True,4,,Education-y explainer videos that are almost good enough to watch.
UCqVEHtQoXHmUCfJ-9smpTSg,Answer in Progress,@answerinprogress,1680000,136,general_education,curated,4_large(1M-10M),2_moderate(50-200),individual?,12352.9,True,4,nerdyandquirky vlogbrothers female answerinprogress vox buzzfeed cheddar,Struggling to learn stuff every other week.  There's a lot to figure out about the world but it can be hard (or embarrassing) to start from square one. We want to strip away the stigma of not knowing things and bring back the joy in learning.   Join us as we take you on the journey from question to 
UC6IxnFzHofFJ5X2PycSMsww,xkcd's What If?,@xkcd_whatif,1320000,78,general_education,curated,4_large(1M-10M),2_moderate(50-200),org/brand,16923.1,True,4,,What If? The Video Series is the official adaptation of the 'What If?' books by Randall Munroe (xkcd.com) and is produced by Neptune Studios LLC 
UCHC4G4X-OR5WkY-IquRGa3Q,Tom Scott plus,@tomscottplus,833000,35,general_education,curated,3_mid(100K-1M),1_sparse(<50),individual,23800.0,True,4,,"These are some of the things I've made and done, with friends. Unscripted, unrehearsed, experimental: this is Tom Scott, plus everyone.  This channel is run by Pad 26 Limited, registered in England and Wales, № 11662641. Registered office: Amelia House, Crescent Road, Worthing, West Sussex, BN11 1QR"
UChIUP-_S3PzypasXVsY1kJQ,John Green,@johnschannel1007,515000,531,general_education,curated,3_mid(100K-1M),3_prolific(200-1K),individual?,969.9,True,4,,
UCb_MAhL8Thb3HJ_wPkH3gcw,Phil Edwards,@PhilEdwardsInc,499000,225,general_education,curated,3_mid(100K-1M),3_prolific(200-1K),individual?,2217.8,True,4,"""phil edwards"" history culture vox ""vox almanac"" ""vox phil edwards"" ""video essays"" historical ""american history"" technology ""tech history""",researching and reporting various rabbit holes.
UClRwC5Vc8HrB6vGx6Ti-lhA,Technology Connextras,@TechnologyConnextras,497000,80,general_education,curated,3_mid(100K-1M),2_moderate(50-200),individual?,6212.5,True,4,Technology,
UCpo_DqbwM6THTXGGY4AsXOQ,Complexly,@complexly,356000,100,general_education,curated,3_mid(100K-1M),2_moderate(50-200),org/brand,3560.0,True,4,complexly education curation,"Complexly is the educational media studio behind Crash Course, SciShow, PBS Eons, and more. Founded by Hank and John Green in 2012, Complexly’s mission is to lower barriers to knowledge building. With more than 10,000 videos and over 5 billion views, we are inspiring joy in millions of learners arou"
UCJOh5FKisc0hUlEeWFBlD-w,jan Misali,@HBMmaster,351000,171,general_education,curated,3_mid(100K-1M),2_moderate(50-200),individual,2052.6,True,4,HBMmaster HBM master TGQTSBFH Music Conlang Critic jan Misali toki pona language linguistics mashups seximal,"I'm Mitch. in toki pona, my name is Misali, which is why I call myself ""jan Misali"". I'm non-binary, autistic, and aro/ace.  I make videos about things, sometimes they're good. I recommend not watching anything I made before 2018.  jan Misali is brought to you by the letter w and the number six."
UCFqaprvZ2K5JOULCvr18NTQ,How to Adult,@learnhowtoadult,329000,150,general_education,curated,3_mid(100K-1M),2_moderate(50-200),individual?,2193.3,True,4,"education adulting ""how to adult""",We're an edutainment channel dedicated to teaching everything you need to know as an adult that school never taught you.
UCByBOwwOU5tKddYpsrHiUUw,Xidnaf,@Xidnaf,267000,42,general_education,curated,3_mid(100K-1M),1_sparse(<50),individual,6357.1,True,4,,I make videos on things I think are neat. Historically that's mostly meant linguistics.  My Twitter: bsky.app/profile/xidnaf.bsky.social My Tumblr: xidnaf.tumblr.com
UCxu3mVAacTdrLPfwTsAEUzg,The Good Stuff,@TheGoodStuff,243000,288,general_education,curated,3_mid(100K-1M),3_prolific(200-1K),individual?,843.8,True,4,"education science learning technology history energy art food ""video games"" documentary ""wheezy waiter""","The Good Stuff is mini-documentaries and video essays, intertwining education, entertainment, and plain, unadulterated curiosity. We talk to experts in their field and get the lowdown on the latest breakthroughs in science and technology while exploring the vast complexities of modern civilization a"
UCwTZ-JLF5FQ3EmQ2nPaS-lg,Thought Café,@Thought-Cafe,239000,358,general_education,curated,3_mid(100K-1M),3_prolific(200-1K),org/brand,667.6,True,4,"""Motion Graphics"" Animation ""Current Issues"" Discussion ""Crash Course""","We animate thoughts that matter. We’re a creative studio that promotes self-education and critical awareness through animated shorts and long-form videos. Check out our second channel, Thoughts That Matter! https://www.youtube.com/@AnimatingThoughtsThatMatter  "
UC127Qy2ulgASLYvW4AuHJZQ,CGPGrey2,@CGPGrey2,166000,52,general_education,curated,3_mid(100K-1M),2_moderate(50-200),individual?,3192.3,True,4,CGPGrey,The CGP Grey alt channel.
UCN1Dg0gd31dxNfQez6yPB7Q,Stephanie Sammann,@Stephanie-Sammann,61000,5,general_education,curated,2_small(10K-100K),1_sparse(<50),individual?,12200.0,True,4,"science biology ""stephanie sammann"" animal anatomy scicomm ""animal science""","Naturalist and storyteller exploring what makes every living thing extraordinary. The Infinite Biosphere.  If you'd like to sponsor an Infinite Biosphere episode, reach out at the email below.  Stephanie Sammann is a science communicator and filmmaker who creates in-depth videos about the living wor"
UCKY00CSQo1MoC27bdGd-w_g,Zogg from Betelgeuse,@ZoggFromBetelgeuse,35800,38,general_education,curated,2_small(10K-100K),1_sparse(<50),individual?,942.1,True,4,"Mankind ""Human condition"" Life","A beginner's guide for alien visitors.  No matter whether you are a space tourist, an alien scientist or a galactic warlord - if you want to learn more about human nature, this channel is for you."
UCzSBv-iml0SCoAE-6v2ReWQ,CGP Play,@CGPPlay,35800,,general_education,curated,2_small(10K-100K),unknown,individual?,,True,4,cgpgrey gaming,
UCuAWs9GxuTDLNyo2-cbrwDA,RAINBOLT TWO,@rainbolttwo,1930000,745,gaming,curated,4_large(1M-10M),3_prolific(200-1K),individual?,2590.6,True,5,rainbolt geoguessr geography,google maps gameplay  
UC477Kvszl9JivqOxN1dFgPQ,Iron Pineapple,@IronPineapple,1680000,159,gaming,curated,4_large(1M-10M),2_moderate(50-200),individual,10566.0,True,5,,I make Dark Souls videos. Some people think they're funny.
UC9PBzalIcEQCsiIkq36PyUA,Digital Foundry,@DigitalFoundry,1520000,4600,gaming,curated,4_large(1M-10M),4_firehose(>1K),org/brand,330.4,True,5,,"Digital Foundry specialises in game technology and hardware reviews, using bespoke capture and analysis tools to provide a unique look at the way games play.   Visit our website: https://www.digitalfoundry.net  For commercial enquiries, please contact business@digitalfoundry.net  For Chinese Busines"
UCH_7doiCkWeq0v3ycWE5lDw,Any Austin,@any_austin,1490000,397,gaming,curated,4_large(1M-10M),3_prolific(200-1K),individual?,3753.1,True,5,"education ""video games"" ""video essay"" nintendo bethesda skyrim zelda gta",THE worst video game shows on the internet. by far.
UCuVxaQDraOja6xKidcmoufA,Polygon,@polygon,1400000,4600,gaming,curated,4_large(1M-10M),4_firehose(>1K),org/brand,304.3,True,5,"polygon games ""video games"" gaming vox ""vox media"" ps4 overboard unraveled xbox ""xbox one"" ""pc gaming"" ""monster factory"" ""pc games"" ""simone de rochefort"" ""patrick gill"" ""pat gill"" gameplay ""gameplay videos"" ""tara long"" ""brian gilbert"" ""brian david gilbert"" bdg ""jenna stoeber"" explainer explainers explained ps5 ""xbox series x"" switch ""board games"" nintendo ""video games explained""","A channel dedicated to the games you love, the artists who make them, and most of all, YOU – the fans who love them.  For more great gaming content, visit our website at Polygon.com. For copyright matters relating to this page, please contact us directly at: legal@valnetinc.com."
UC_slDWTPHflhuZqbGc8u4yA,RAINBOLT,@georainbolt,1140000,164,gaming,curated,4_large(1M-10M),2_moderate(50-200),individual?,6951.2,True,5,geoguessr rainbolt geography,google maps gameplay
UC0fDG3byEcMtbOqPMymDNbw,/noclip,@NoclipDocs,899000,233,gaming,curated,3_mid(100K-1M),3_prolific(200-1K),org/brand,3858.4,True,5,"video games documentary game documentaries danny o'dwyer free noclip patreon ""crowdfunded video game documentaries""","We make crowdfunded video game documentaries for everyone to enjoy. Our mission is to tell authentic stories about video games, the people who make them, and those who play them. Our work is funded by a community of Patrons and free of sponsored content. Subscribe to this channel to get access to ou"
UCx2StD8gHd_-nRo5z1qcJ8g,Subnautica,@subnautica,839000,143,gaming,curated,3_mid(100K-1M),2_moderate(50-200),org/brand,5867.1,True,5,"subnautica ""below zero""","Subnautica, Subnautica: Below Zero and Subnautica 2 are underwater open world exploration and construction games, created by Unknown Worlds."
UCEKJKJ3FO-9SFv5x5BzyxhQ,2kliksphilip,@2kliksphilip,661000,1100,gaming,curated,3_mid(100K-1M),4_firehose(>1K),individual,600.9,True,5,"2kliksphilip ""going low in csgo"" ""how will he die"" upscaling 3kliksphilip ""klik empire"" philip ""game making journey"" ""game making"" mapping nostalgia ""old games"" ""future technology""",My 3kliksphilip channel does CS:GO. This 2kliksphilip channel covers everything else and has a bit of love invested into it :)  My business email is: 3kliksphilip art gmail dort com 
UCeW2TPb_b__pTriVVRS1GSQ,EnlargedKai,@EnlargedKai,469000,19,gaming,curated,3_mid(100K-1M),1_sparse(<50),individual,24684.2,True,5,,I do animation and stuff
UCZw4WkJhfoovdJ1eYwa7qyA,oboeshoesgames,@oboeshoesgames,403000,357,gaming,curated,3_mid(100K-1M),3_prolific(200-1K),org/brand,1128.9,True,5,,"""quality"" ""gaming"" ""content"""
UCcAvljdM2NMdMYq_pvT9pBw,DouchebagChocolat,@DouchebagChocolat,366000,109,gaming,curated,3_mid(100K-1M),2_moderate(50-200),org/brand,3357.8,True,5,"""Demolition d"" demolition_d ""DEMOLITION D+"" AMV ""video games"" douchebagchocolat ""monster hunter"" psp clodinus PS3 gaming review trailer ""music video"" ""top list"" list ""top best"" ""top ten"" anime evangelion ""anime reviews"" ""anime review"" ""should you watch""","Hello, and welcome to DEMOLITION D+'s YouTube channel. Here I review anime, play video games, and sometimes do other things that you'll probably never ask for. Remember that before subscribing.  Enjoy yourself."
UCWZjWqQ1gt5dakhUuzRVZbA,Jeffiot,@jeffiot,296000,46,gaming,curated,3_mid(100K-1M),1_sparse(<50),individual,6434.8,True,5,,real yap hours in here  sponsorship inquiries and contact: jeffiotcontact@gmail.com  Second channel: https://www.youtube.com/@extrajeff  → ᴘᴀᴛʀᴇᴏɴ: https://www.patreon.com/jeffiot → ᴅɪꜱᴄᴏʀᴅ: dsc.gg/jeffiot → ᴛᴡɪᴛᴄʜ: https://www.twitch.tv/jeffiot/ → ᴛᴡɪᴛᴛᴇʀ: https://twitter.com/jeff10t  → 10 ᴛᴀᴘᴇꜱ ᴀʀ
UC-ZlXbhKDI6m0IQGGSNvtaw,Kerbal Space Program,@KerbalSpaceProgramOfficial,287000,133,gaming,curated,3_mid(100K-1M),2_moderate(50-200),org/brand,2157.9,True,5,"kerbal space program KSP KSP2 ""Jebediah Kerman"" kerbals ""Kerbal Space Program""","Official KSP YouTube channel. Here you can find everything related to the game, upcoming releases and animations."
UCPIBtu2SBuW_VFHwKwDOtYg,minimme,@minimme,251000,149,gaming,curated,3_mid(100K-1M),2_moderate(50-200),org/brand,1684.6,True,5,game review minimme,Shining a light on lesser known video games!
UC16fG7-summGsrcqkkYb6hg,Barry Kramer,@BarryKramer,233000,15,gaming,curated,3_mid(100K-1M),1_sparse(<50),org/brand,15533.3,True,5,"barry kramer ""barry kramer"" ""video games"" gaming analysis criticism animation animated cartoon stream twitch review summary lore explained ""how about this game""",Videos related to games.  Probably.  Thanks for reading this description it means a lot to me alright take care now
UCSzjwsJeXO_XUjCvjjGIGAw,TheRealJims,@TheRealJims,212000,393,gaming,curated,3_mid(100K-1M),3_prolific(200-1K),individual,539.4,True,5,"""the simpsons"" reviews analysis history","The home to a bunch of Simpsons review content!   This includes 60 Second Simpsons, Simpsons Mysteries, and Simpsons Showdown.  I also do Pixar and various other movie reviews!"
UC-Q4WBqNtMF_2GbIsGjic4A,yahtzee19,@yahtzee19,190000,188,gaming,curated,3_mid(100K-1M),2_moderate(50-200),individual?,1010.6,True,5,,
UCxddeIv7GdHNcVPZI9JvGXQ,eurothug4000,@eurothug4000,184000,73,gaming,curated,3_mid(100K-1M),2_moderate(50-200),org/brand,2520.5,True,5,,making videos on games ~  CONTACT: for sponsorships: partnerships@bellvines.com other: eurothug4000@gmail.com  
UCj21kC5zWeflqmZSMTkA57Q,Fallout 4: New Vegas,@Fallout4NewVegas,164000,15,gaming,curated,3_mid(100K-1M),1_sparse(<50),org/brand,10933.3,True,5,,Project aimed to remake and revitalize Fallout New Vegas in the Fallout 4 Creation Engine.  Follow us on: Facebook: https://facebook.com/TeamF4NV/ Twitter: @Project_F4NV Instagram: Fallout_4_New_Vegas Discord: https://discord.gg/jaCkBFz 
UCEozHN2uoprBmM2LSDDS7ew,hankgames,@hankgames,159000,1500,gaming,curated,3_mid(100K-1M),4_firehose(>1K),org/brand,106.0,True,5,"""hank green"" ""john green"" ""video games"" gaming ""let's play"" LP vlogbrothers xbox xbox360 ""xbox 360"" wii nintendo playstation ps3 portal ""portal 2""","In which Hank and other members of the Green family play video games with varying levels of skill, and talk about things."
UCyhvJR_nYEeSuv_9XlWLRYw,DEMOLITIONDv2,@DEMOLITIONDv2,144000,41,gaming,curated,3_mid(100K-1M),1_sparse(<50),individual?,3512.2,True,5,DEMOLITION D+ DEMOLITIONDv2 DEMOLITIOND douchebagchocolat anime review manga games should you watch douchebag chocolat funny ddv2,dont sweat the petty things and dont pet the sweaty things
UC5bN6XKHDCFt_wYAJmsP_Mg,Jasper,@JasperRLZ,115000,17,gaming,curated,3_mid(100K-1M),1_sparse(<50),individual?,6764.7,True,5,,No description provided.
UCsCacApDfxESyNJwEIXNajQ,mklachu,@mklachu,113000,232,gaming,curated,3_mid(100K-1M),3_prolific(200-1K),individual,487.1,True,5,Violin Otamatone Videogame Music Covers VGM,"Mother of Otamatones (and occasionally plays violin + viola), I primarily cover video game music but am slowly expanding into other genres :^)"
UCTlGuNR-3QM0PMPNCAcAX2w,FLEB,@FLEBpuzzles,112000,76,gaming,curated,3_mid(100K-1M),2_moderate(50-200),org/brand,1473.7,True,5,"puzzle toy fun game logic solution rubik hanayama fleb sudoku ""family friendly"" casual relaxing calming enigma maze jigsaw ""puzzle review"" ""3d puzzle"" ""puzzle solving"" ""mechanical puzzle"" ""wooden puzzle"" ""brain teaser"" ""puzzle tutorial"" ""puzzle unboxing"" ""puzzle collection"" ""puzzle design"" ""puzzle making""","I make puzzles and puzzle videos.  If you want to learn about solving puzzles and puzzle design, this is the place to be.  I made the puzzle games Strange Jigsaws, 20 Small Mazes, and RYB. "
UCuNiKQcJLXppWgheljJv7KQ,HyperBitHero,@HyperBitHero,73000,93,gaming,curated,2_small(10K-100K),2_moderate(50-200),org/brand,784.9,True,5,"Anime ""Video Games"" ""Devious Intent"" ""Lost in Concept"" ""Your Next Favorite""",Videos on video games and sometimes not video games.
UCctd5MdW-o2lRMwgogoUZHQ,Zanzlanz,@zanzlanz,71900,131,gaming,curated,2_small(10K-100K),2_moderate(50-200),individual,548.9,True,5,"gamedev ""game development"" ""2D Minecraft"" ""mine blocks"" ""game design""",Game tech & music! Whee!  I'm known for these things: • Mine Blocks: a popular 2D Minecraft fan game • Secret Box: a SpongeBob dubstep remix • Music for Henry Stickmin • wetclap.com 👏💦 
UCyxcGxSCgN4L02rdXqaATug,GamesWithHank,@GamesWithHank,69000,138,gaming,curated,2_small(10K-100K),2_moderate(50-200),org/brand,500.0,True,5,"Oculus ""Oculus Rift"" Dk2 ""Oculus Rift Dk2"" Gaming ""Let's Play""","Games with Hank is where Hank plays games...with Hank. Also occasionally with other people. Hank, in addition to playing games with himself, talks about Science at SciShow, and just whatever occurs to him with his brother John at Vlogbrothers."
UCZhfVIlf-c-NYH6A_ZSf8mg,Jenna Stoeber,@the_jenna,56000,59,gaming,curated,2_small(10K-100K),2_moderate(50-200),org/brand,949.2,True,5,"games ""video games"" ""horror media"" ""horror movies"" horror scary halloween essays academic ""video essays"" thejenna ""jenna stoeber"" polygon","Welcome to my video essay channel! I have a master's degree in media and culture from the University of Wisconsin-Madison, where I researched horror media and video game culture.  And I make video essays about all that, and more.  Subscribe now! Patreon.com/TheJenna Social media links here: https://"
UCnEd9PbzAKmRnDYyi0CDEmw,Sean Seanson,@SeanSeanson,52900,90,gaming,curated,2_small(10K-100K),2_moderate(50-200),individual,587.8,True,5,"""Sean Seanson"" ""Irish game reviewer"" ""irish video games"" ""Sean Halpin"" ""Irish games"" ""Retro games"" ""Game Rankings"" ""retro games"" ""PS1 reviews"" ""Irish game reviews"" ""retro gaming"" ""retro game music"" ""retro game collection"" ""playstation games"" ""obscure video games"" ""obscure playstation games"" ""psx games"" ""hidden gems"" ""ps1 games"" ""obscure ps1 games"" ""irish ps1"" ""irish playstation"" ""playstation reviews"" ""ps1 reviews"" psx ps1 ""playstation 1"" ""playstation one"" ""forgotten ps1 games""","Long videos to fall asleep to.  (Ps. I don't have a speech impediment, I'm just Irish.)     "
UCWu9QuHF-dcakBmhullIH6w,Waypoint,@WaypointVICE,52600,1100,gaming,curated,2_small(10K-100K),4_firehose(>1K),org/brand,47.8,True,5,"gaming ""vice gaming"" games ""video game"" ""VICE US"" Waypoint ""Waypoint Radio""","Waypoint. Games by VICE. A channel dedicated to all things video games. With the Waypoint crew, we cover the people, passion and politics of games.  "
UCNqSF-tYoFYFxa7aayp_wiA,"[mtbdesignworks {Miegakure, 4D Toys}]",@mtbdesignworks,48500,9,gaming,curated,2_small(10K-100K),1_sparse(<50),org/brand,5388.9,True,5,"""4D Game"" 4d ""4rth Dimension"" ""Four Dimensional Space"" ""Video Game"" ""Fourth Dimension"" Hypercube Tesseract ""Marc Ten Bosch"" Platform Puzzle","Miegakure is a puzzle-platforming game that lets you explore and interact with a 4D world. The fourth dimension in this game is not time, it works just like the first three: it is a mathematical generalization.   Miegakure plays like a regular 3D platformer, but at the press of a button one of the d"
UCXSFnQc5niQR7jHMf0U7aQA,Dev Detour,@devdetour,39300,31,gaming,curated,2_small(10K-100K),1_sparse(<50),org/brand,1267.7,True,5,,Interesting topics related to software development.
UCOd49Jk5JjgHNynxRrUdJ7g,Zeria,@ZeriaYT,25200,,gaming,curated,2_small(10K-100K),unknown,individual?,,True,5,,
UCf91klD5wumE_-VdNWU2yJA,James-Money,@JamesMoney,22000,41,gaming,curated,2_small(10K-100K),1_sparse(<50),individual?,536.6,True,5,,Always learning something new. 
UCAWnFCJGAP7YPti-gQSe1ng,Chris Remo,@ChrisRemo,21300,7000,gaming,curated,2_small(10K-100K),4_firehose(>1K),individual,3.0,True,5,"crossword puzzles ""New York Times Crossword"" ""puzzle solving"" crosswords","Each morning, I solve the New York Times Crossword, and share tips to help you improve at solving crosswords as well!"
UCd2ng5IYrQZi4IXEeMV0Ayg,IcePickLodge,@IcePickLodge,18700,93,gaming,curated,2_small(10K-100K),2_moderate(50-200),individual?,201.1,True,5,,
UCpcSq3A3Z4tUJsHKfn8zpnA,Remap,@RemapRadio,13500,730,gaming,curated,2_small(10K-100K),3_prolific(200-1K),org/brand,18.5,True,5,"""video games"" podcasts streaming twitch","Remap Radio is a new podcast and streaming company from the creators of the long-running video game podcast Waypoint Radio. Join Rob Zacny, Chia Contreras, Patrick Klepek as they set off on a new adventure that has them obsessing over the video game Dragon’s Dogma nearly as much as they question the"
UCqbwf1q9hkT8E4zPsWYMjwA,BDGs VODs,@bdgsvods,12600,318,gaming,curated,2_small(10K-100K),3_prolific(200-1K),org/brand,39.6,True,5,"""brian david gilbert"" bdg brian david gilbert twitch stream gaming ""video games"" biking bike cycling exercise ""work out"" ""working out""","this is BDG's official archive of BDG's official exercise/gaming streams, officially https://twitch.tv/briandavidgilbert "
UCIQwQd_A0P8gN-s8YEBFUhA,Pillow Castle,@pillowcastlegaming,12500,14,gaming,curated,2_small(10K-100K),1_sparse(<50),individual?,892.9,True,5,,
UC__Epn2kIvTQa14XQwBUEgg,Elite3 Backup Channel,@Elite3Official,11600,2,gaming,curated,2_small(10K-100K),1_sparse(<50),org/brand,5800.0,True,5,"Pokemon ""Pokemon 'Bridged"" Twitch Twitchemon ""Twitch Plays Pokemon""","The official channel of Elite3, where we'll be posting our animated stuffs!  Members: 1KidsEntertainment, Nowacking, xJerry64x, Stephan Krosecz, and Chromegloss  If you'd like to support us, you can donate here via PayPal: http://goo.gl/a4xn5S"
UC9FN0dIQ01weg4Lm2UNP6Gw,Earth's Special Forces,@ESForces,10100,66,gaming,curated,2_small(10K-100K),2_moderate(50-200),individual?,153.0,True,5,"dbz dragonball ""dragonball z"" esf ""earth's special forces"" budokai pc",
UCPqeWdb-LGtPXeVXNoh-iqA,Critical Kate (of A Critical Hit!),@ACriticalHit,8119,15,gaming,curated,1_micro(<10K),1_sparse(<50),individual,541.3,True,5,"""critical kate"" ""a critical hit"" ""first female character"" ""video dames"" ""samus aran"" metroidvania ""women in video games"" ""wild gunman"" ""first easter egg""","My name is ""Critical Kate"" Willært, I research and write about forgotten geek history.  "
UCdHogG0Asb16IDBgSnGddwA,Zachtronics,@zachtronics,5950,31,gaming,curated,1_micro(<10K),1_sparse(<50),individual?,191.9,True,5,,
UCoYzqD_hNqUa8KJJlZPRPSQ,Velodus,@velodus,5430,88,gaming,curated,1_micro(<10K),2_moderate(50-200),individual,61.7,True,5,"anime ""sports history"" ""video essay"" ""video essays"" ""movie reviews"" reviews ""anime video essays"" ""anime retrospectives"" retrospectives ""anime recommendations"" ""anime analysis"" ""anime reviews"" ""anime discussion"" analysis discussions breakdown ""anime criticism"" criticism reactions ""video games"" ""tv shows"" ""anime recap"" ""vintage anime"" nba ""anime talk"" ""deep dives"" ""classic anime"" ""tv video essay"" ""tv video essays"" ""anime episode"" ""a video essay"" ""an anime video essay"" ""anime essay"" ""Anime Essay""","Ahoy! If you're reading this, don't forget to subscribe to this mondo cool YouTube channel!  ""But what IS this channel?"" you're probably not asking yourself but I'll pretend that you are. Good question! This is my (Velodus) self-titled YouTube channel in which I post videos about stuff that interest"
UCUjQvahkL7sTVIs6xpMy17w,Austin Walker,@AustinWalker1,3500,40,gaming,curated,1_micro(<10K),1_sparse(<50),individual?,87.5,True,5,,
UCPNVUqNoZTB2FpLO7F0dtew,William Chyr,@WilliamChyr,3450,313,gaming,curated,1_micro(<10K),3_prolific(200-1K),individual?,11.0,True,5,,
UCW7hxaNe3iYpubCI2W7GRTw,LuckyChainsaw,@LuckyChainsaw,2440,25,gaming,curated,1_micro(<10K),1_sparse(<50),individual?,97.6,True,5,,
UCdvuepIwGImKR6KROHxCl2Q,Jack,@notquitereal,1290,74,gaming,curated,1_micro(<10K),2_moderate(50-200),individual?,17.4,True,5,,
UCPtI8sjY16YZpH_KgiDpR0Q,Bijan Stephen,@bijanstephen,775,30,gaming,curated,1_micro(<10K),1_sparse(<50),individual,25.8,True,5,"gaming twitch ""video essay""","hi, i'm bijan! i'm a writer, editor, streamer, and podcast host.  thanks for watching, and see you online.  "
UCFsIxa_wOsw6i9NWnmA7--w,zayloox,@zayloox,662,11,gaming,curated,1_micro(<10K),1_sparse(<50),individual?,60.2,True,5,,
UCMHBVNvBHwjshyq6TTRrKaQ,Ballin' Out SUPER,@ballinoutsuper,401,22,gaming,curated,1_micro(<10K),1_sparse(<50),individual?,18.2,True,5,,The Champaign Of Podcasts
UCsga02EzgmjtKmGA6wrldZQ,Austin School of Game Design,@austin-school-of-game-design,174,20,gaming,lexicon,1_micro(<10K),1_sparse(<50),individual?,8.7,True,5,"""zelda breath of the wild"" discussion analysis ""breath of the wild switch"" ""the legend of zelda: breath of the wild"" zelda ""breath of the wild"" switch review gameplay ""explainer video"" exploration console ""nintendo switch"" hyrule ""open world"" n64 ""time travel"" ""take action"" nintendo academia past",
UCYO_jab_esuFRV4b17AJtAw,3Blue1Brown,@3blue1brown,8480000,239,math,curated,4_large(1M-10M),3_prolific(200-1K),individual,35481.2,True,6,Mathematics,"My name is Grant Sanderson. Videos here cover a variety of topics in math, or adjacent fields like physics and CS, all with an emphasis on visualizing the core ideas. The goal is to use animation to help elucidate and motivate otherwise tricky topics, and for difficult problems to be made simple wit"
UCoxcjq-8xIDTYp3uz647V5A,Numberphile,@numberphile,4760000,810,math,curated,4_large(1M-10M),3_prolific(200-1K),org/brand,5876.5,True,6,Numbers Maths Mathematics,Videos about numbers and mathematics. Videos by Brady Haran since 2011. Our thanks to Jane Street and our Patreon supporters. 
UCSju5G2aFaWMqn-_0YBtq5A,Stand-up Maths,@standupmaths,1350000,314,math,curated,4_large(1M-10M),3_prolific(200-1K),individual,4299.4,True,6,Matt Parker maths math mathematics stand-up comedy,I do mathematics and stand-up. Sometimes simultaneously. Occasionally while being filmed. (It's quite the Venn diagram.)  You can send business stuff to sophieclaire@miradorgroup.co.uk and maths to matt@standupmaths.com (but everything gets to me one way or another).  I'm also in these places: http:
UC1_uAIS3r8Vu6JjXWvastJg,Mathologer,@Mathologer,966000,113,math,curated,3_mid(100K-1M),2_moderate(50-200),org/brand,8548.7,True,6,"Mathematics Education ""Fun with Math"" visualization","Enter the world of the Mathologer for really accessible explanations of hard and beautiful math(s).   In real life the Mathologer is a math(s) professor at Monash University in Melbourne, Australia and goes by the name of Burkard Polster.  These days Marty Ross another math(s) professor, great frien"
UConVfxXodg78Tzh5nNu85Ew,Welch Labs,@WelchLabs,890000,148,math,curated,3_mid(100K-1M),2_moderate(50-200),individual?,6013.5,True,6,,New Book! The Welch Labs Illustrated Guide to AI is now available for pre-order: https://www.welchlabs.com/resources/ai-book  
UCs4aHmggTfFrpkPcWSaBN9g,PBS Infinite Series,@pbsinfiniteseries,318000,65,math,curated,3_mid(100K-1M),2_moderate(50-200),org/brand,4892.3,True,6,mathematics math infinite education,Mathematician Tai-Danae Bradley and physicist Gabe Perez-Giz offer ambitious content for viewers that are eager to attain a greater understanding of the world around them. Math is pervasive - a robust yet precise language - and with each episode you’ll begin to see the math that underpins everything
UCyp1gCHZJU_fGWFf2rtMkCg,Numberphile2,@numberphile2,267000,272,math,curated,3_mid(100K-1M),3_prolific(200-1K),individual?,981.6,True,6,,"This is Numberphile's ""second channel"" for extra footage or stuff that didn't quite fit on the main channel"
UCMpizQXRt817D0qpBQZ2TlA,singingbanana,@singingbanana,226000,222,math,curated,3_mid(100K-1M),3_prolific(200-1K),org/brand,1018.0,True,6,singingbanana singing banana James Grime maths math mathematics problem puzzle QED Q.E.D. quite easily done quiteeasilydone,"Mathematician, juggler and comedy nerd - but not necessarily in that order.  Please keep sending your messages. I do read them all, even if I don't always have time to reply :(  - Jim"
UC4zzTEL5tuIgGMvzjk1Ozbg,Henry Segerman,@henryseg,154000,257,math,curated,3_mid(100K-1M),3_prolific(200-1K),individual?,599.2,True,6,"math mathematics geometry topology ""3d printing""","Mathematical making: 3D printing, dice, virtual reality, generative art, etc. Also see http://www.segerman.org, @henryseg"
UC78Ib99EBhMN3NemVjYm3Ig,Grant Sanderson,@GrantSanderson,139000,15,math,curated,3_mid(100K-1M),1_sparse(<50),individual?,9266.7,True,6,,Sister channel to 3Blue1Brown for side projects.
UC9yt3wz-6j19RwD5m5f6HSg,Think Twice,@ThinkTwiceLtu,121000,33,math,curated,3_mid(100K-1M),1_sparse(<50),individual?,3666.7,True,6,Think twice,Mathematics in motion.
UCGSW-G716AyjUlNJCNl-mAg,ele VR,@eleVR,1990,144,math,curated,1_micro(<10K),2_moderate(50-200),individual?,13.8,True,6,,
UCPWB24P6SJd0h9kVtJcS62Q,Intellectual Mathematics,@Intellectualmathematics,1710,27,math,lexicon,1_micro(<10K),1_sparse(<50),individual?,63.3,True,6,,
UCOGeU-1Fig3rrDjhm9Zs_wg,Vihart,,,,math,curated,unknown,unknown,individual?,,,6,,
UCC8zWIx8aBQme-x1nX9iZ0A,Dimension 20,@dimension20show,1120000,301,podcast_actualplay,curated,4_large(1M-10M),3_prolific(200-1K),org/brand,3720.9,True,7,"Dimension20 D20 DnD ""Dungeons and Dragons"" RPG ""table top"" tabletop Brennan ""Brennan Lee Mulligan""","SAY HI, INTREPID HEROES!   Welcome to the official YouTube  home of Dimension 20! https://dimension20.dropout.tv  Be sure to subscribe and click the bell icon so you don't miss anything!  "
UC6k_GngLDtxbkUlZOq6_h5g,The McElroy Family,@TheMcElroyFamily,400000,1800,podcast_actualplay,curated,3_mid(100K-1M),4_firehose(>1K),individual?,222.2,True,7,,"The home of all (video) things McElroy. For ALL things McElroy, including videos, podcasts, books, events, merch and more, go to TheMcElroy.Family"
UCrvuY59InDI3iKvopKT8PEw,Welcome to Night Vale,@WelcometoNightVale,257000,350,podcast_actualplay,curated,3_mid(100K-1M),3_prolific(200-1K),org/brand,734.3,True,7,,"The official channel of the Welcome to Night Vale podcast. New episodes on the 1st and 15th of each month. To learn more about us, visit welcometonightvale.com or press your ear to the nearest wall and listen closely."
UCwez9XDNV_wS0WNDZteXjgw,Hello Internet,@HelloInternetPodcast,155000,178,podcast_actualplay,curated,3_mid(100K-1M),2_moderate(50-200),individual?,870.8,True,7,"""CGP Grey"" ""Brady Haran"" ""Hello Internet"" Podcast","CGP Grey & Brady Haran talking about YouTube, life, work and whatever.  http://hellointernet.fm/"
UCUgPXwXoG1euERt6xpNeV7A,Will Save Productions,@WillSaveProductions,96300,13,podcast_actualplay,curated,2_small(10K-100K),1_sparse(<50),org/brand,7407.7,True,7,"""school of thrones"" schoolofthrones ""game of thrones"" ""web series""","PRINCE MODE - Biceps and cardio, yeah we're working on them glutes  GET READY PARTY PRINCES AND PRINCESSES!  MUZZLED THE MUSICAL RELEASES MONDAY, OCTOBER 26TH 9AM PST | 12PM EST  muzzledthemusical@gmail.com  CREATED & WRITTEN BY: Zach Grafton  EXECUTIVE PRODUCERS: Zach Grafton, Matthew Mercer  MUSIC"
UCuXs2ElCUGdrjDWvW8Lf39g,Justin McElroy,@Hoopsmcelroy,44500,112,podcast_actualplay,curated,2_small(10K-100K),2_moderate(50-200),individual?,397.3,True,7,,
UCjSJq8eE73nCc9mtSMkNh6g,Let's Talk About Stuff,@letstalkaboutstuff,29700,73,podcast_actualplay,curated,2_small(10K-100K),2_moderate(50-200),individual,406.8,True,7,video essay movies games twin peaks metamodernism,"my name is sarah zedig, my pronouns are she/her, and i make video essays about stuff i find interesting. i'm a trans woman from oklahoma living in seattle, trying to make sense of a future that never was through materialist media analysis and artistic self-expression.  i don't have it all figured ou"
UCZkvqGJJn59qr6Z-RjbG8_Q,Griffin McElroy,@griffin.mcelroy,18200,,podcast_actualplay,curated,2_small(10K-100K),unknown,individual?,,True,7,,
UC0gw9KK87I0pNh3ZHOXWz2A,Crit Build,@Crit_Build,7680,3,podcast_actualplay,curated,1_micro(<10K),1_sparse(<50),individual?,2560.0,True,7,,
UCTduzDvxJhjsZzKa8L3mFcw,Friends at the Table,@FriendsattheTable,7680,301,podcast_actualplay,curated,1_micro(<10K),3_prolific(200-1K),individual?,25.5,True,7,,
UCDCpw4WH3apU0-eC9q3j2hw,Ranged Touch,@rangedtouch,7480,528,podcast_actualplay,curated,1_micro(<10K),3_prolific(200-1K),org/brand,14.2,True,7,"gaming ""let's play"" ""david cage"" ""video games"" ""baldur's gate"" fallout crpg rpg",A channel that embraces the strangeness of videogames.  
UCLCL_d1xICtMrJcGp15G1-A,A More Civilized Age: A Star Wars Podcast,@MoreCivilized,5740,14,podcast_actualplay,curated,1_micro(<10K),1_sparse(<50),individual?,410.0,True,7,,
UCU3iOAFW_gegSH0COsnnbxw,Travis McElroy,@thetravismcelroy,2710,6,podcast_actualplay,curated,1_micro(<10K),1_sparse(<50),individual?,451.7,True,7,,
UCLTf2Z0G-k1lp9bhzsyk3_Q,Abnormal Mapping,@abnormalmapping,1120,1300,podcast_actualplay,curated,1_micro(<10K),4_firehose(>1K),org/brand,0.9,True,7,,"Abnormal Mapping is a media podcast network run by M and Jackson, two good nb friends an ocean apart who run far too many podcasts to keep them together. We cover video games, books, anime, and more. Please check out abnormalmapping.com for a full list of shows!  We're also on Patreon, where you can"
UC4zccyPWo0D1zjioR4CthiA,Brandon Leon-Gambetta,@BrandonLeonGambetta,546,21,podcast_actualplay,curated,1_micro(<10K),1_sparse(<50),individual?,26.0,True,7,,
UCzR-rom72PHN9Zg7RML9EbA,PBS Eons,@eons,3200000,520,nature_bio,curated,4_large(1M-10M),3_prolific(200-1K),org/brand,6153.8,True,8,,"Join hosts Kallie Moore, Michelle Barboza-Ramirez, Gabriel Santos, and Blake de Pastino as they take you on a journey through the history of life on Earth. From the dawn of life in the Archaean Eon through the Mesozoic Era — the so-called “Age of Dinosaurs” -- right up to the end of the most recent "
UCwg6_F2hDHYrqbNSGjmar4w,Animalogic,@animalogic,2150000,987,nature_bio,curated,4_large(1M-10M),3_prolific(200-1K),individual?,2178.3,True,8,"animal animalogic education love nature fun smart learn zoo wild world natural danielle lovenature oasis school zoology animals cut adorable scary gross beautiful weird ""free nature documentary"" documentary ""nature documentary"" ""bbc earth"" natgeo","Examining the nature of the beast.  Why do animals look, act, and evolve the way they do? Animalogic is a deep dive into the biology, behavior, and evolutionary logic of the creatures we share this planet with, from the ones that terrify us to the ones we've never even heard of.  We don't do surface"
UCDRmGMSgrtZkOsh_NQl4_xw,Secret Base,@SecretBaseSBN,1530000,4100,wrestling_sports,curated,4_large(1M-10M),4_firehose(>1K),individual?,373.2,True,8,"sports football basketball baseball nba nfl nhl mlb ncaa ""college football"" sbnation ""sb nation"" ""beef history"" rewinder ""deep rewind"" ""weird rules"" collapse sports ""secret base""",Welcome to Secret Base. We like sports. We hate secrets. Tell everyone about us. 
UCBbnbBWJtwsf0jLGUwX5Q3g,Journey to the Microcosmos,@journeytomicro,923000,346,nature_bio,curated,3_mid(100K-1M),3_prolific(200-1K),individual?,2667.6,True,8,microscopy germs prokaryotes,"Join hosts Hank Green and Deboki Chakravarti as they take you on a fascinating, reflective journey through the microcosmos. With music by Andrew Huang and footage from James Weiss, we'll take a dive into the tiny, unseen world that surrounds us! "
UCkyfHZ6bY2TjqbJhiH8Y2QQ,thebrainscoop,@thebrainscoop,606000,241,nature_bio,curated,3_mid(100K-1M),3_prolific(200-1K),individual,2514.5,True,8,"science education ""natural history"" biology evolution museums","I'm Emily, science writer and curiosity correspondent, here to bring you along on all of my natural history adventures! "
UC3CBOpT2-NRvoc2ecFMDCsA,Crime Pays But Botany Doesn't,@CrimePaysButBotanyDoesnt,518000,1000,nature_bio,curated,3_mid(100K-1M),4_firehose(>1K),org/brand,518.0,True,8,,"A Low-Brow, Crass Approach to Plant Ecology & Evolution as muttered by a Misanthropic Chicago Italian.  We study plants through the lens of ecology and evolution, rather than what supposed anthropocentric uses they can provide (as if holding up the biosphere wasn't enough).  If you enjoy this kind o"
UC9Lp_AA5M2cMGrlvnnIns-g,Bizarre Beasts,@BizarreBeasts,398000,123,nature_bio,curated,3_mid(100K-1M),2_moderate(50-200),org/brand,3235.8,True,8,"Bizarre beasts animals ""hank green"" hank green vlogbrothers dftba pins ""enamel pins""","What makes a weird animal weird? Once a month, hosts Hank Green and Sarah Suta introduce you to a new bizarre beast and explore the many answers to this question.  If you want to take a bizarre beast home, there’s a pin club for that. Check out our trailer for more information and subscribe to the p"
UCDpi86-drykZcnaDmR_4Yqw,Animal Wire,@AnimalWire,340000,135,nature_bio,lexicon,3_mid(100K-1M),2_moderate(50-200),individual?,2518.5,True,8,"animals wildlife species ""amazing animals"" ""endangered animals"" ""interesting animals"" ""cool animals""","Animal Wire is celebrating each species' unique contribution to life on this planet through story, video and picture.  Tune in for exciting wildlife and nature headlines from all around the world including cute newborns, ferocious predators, and inspiring rescues...Giddy up!"
UCUNoEsSfUcyNlaJbieYkMvg,Jon Bois,@jonbois,195000,150,wrestling_sports,curated,3_mid(100K-1M),2_moderate(50-200),individual?,1300.0,True,8,,
UC6wT4dQgdL1ZNLx0732wzyQ,geothebio,@geothebio,108000,75,nature_bio,curated,3_mid(100K-1M),2_moderate(50-200),individual?,1440.0,True,8,animation,a broke artist just drawing fun stuff  (she/they)  ko-fi: http://ko-fi.com/geothebio patreon: http://patreon.com/geothebio bluesky: @geothebio instagram: @geothebio tumblr: geothebio.tumblr.com portfolio: http://geothebio.com
UCO5B0Zto3RMgeGc3fJEUvvA,Jordan Jonas,@hobojordo,34700,275,nature_bio,curated,2_small(10K-100K),3_prolific(200-1K),individual,126.2,True,8,Jordan Jonas,"I grew up on a farm in Idaho, rode freight trains across the US, spent time in remote Russian villages, travelled for several years with nomads in Siberia, and won Alone Season 6 after being the first contestant to harvest big game (oh yeah and I killed a wolverine with an axe). I hope to share some"
UCcvl5k9VcZzGVmY-rG8UAMw,Emily Graslie,@EmilyGraslie,16300,8,nature_bio,curated,2_small(10K-100K),1_sparse(<50),individual?,2037.5,True,8,"""emily graslie"" ""brain scoop"" ""field museum"" ""chief curiosity correspondent"" ""emily brain scoop"" ""the brain scoop"" ""prehistoric road trip"" ""prehistoric road trip pbs"" ""pbs emily graslie""",
UCsXVk37bltHxD1rDPwtNM8Q,Kurzgesagt – In a Nutshell,@kurzgesagt,25300000,375,science,curated,5_mega(>10M),3_prolific(200-1K),org/brand,67466.7,True,9,"Science universe space ""black hole"" life virus climate history education evolution biology humanism","Animation videos explaining things with optimistic nihilism since 12,013.  We’re a team of illustrators, animators, number crunchers and one dog who aim to spark curiosity about science and the world we live in. To us nothing is boring if you tell a good story.  For updates on our videos and other n"
UC6nSFpj9HTCZ5t-N3Rm3-HA,Vsauce,@Vsauce,24900000,645,science,curated,5_mega(>10M),3_prolific(200-1K),org/brand,38604.7,True,9,Science questions education learning schools DiscoveryChannel,Our World is Amazing.   
UCUK0HBIBWgM2c4vsPhkYY4w,The Slow Mo Guys,@theslowmoguys,15000000,373,science,curated,5_mega(>10M),3_prolific(200-1K),org/brand,40214.5,True,9,"slow mo guys high speed motion super slomo phantom hd gav dan 1000fps gavin free slap smash flex ""the slow mo guys""","Gav and Dan take on the world in Slow Motion! Possibly in the top 10 of slow motion based Youtube channels! If you can, watch our videos at the highest possible resolution on your device for some offensively crisp slow motion footage.   For business enquiries, use the link below. All emails are read"
UC6107grRI4m0o2-emgoDnAA,SmarterEveryDay,@smartereveryday,11900000,396,science,lexicon,5_mega(>10M),3_prolific(200-1K),individual,30050.5,True,9,"Smarter Every Day Science Education ""How To""","I explore the world using science.  That's pretty much all there is to it.  Watch 2 videos. If you learn something AWESOME, please subscribe if you feel like I earned it.  Contact: http://www.smartereveryday.com/contact.  I currently get lots of correspondence so please forgive me if I'm unable to r"
UCFhXFikryT4aFcLkLw2LBLA,NileRed,@NileRed,10800000,398,science,curated,5_mega(>10M),3_prolific(200-1K),individual,27135.7,True,9,chemistry science,"Capturing the natural beauty of chemistry  I find that chemistry is often taught poorly or without a purpose. Because of this, people tend to lose interest and sometimes even start to hate it. In each video that I make, I try to balance theory with purpose. My goal is to capture the natural beauty o"
UCZYTClx2T1of7BRZ86-8fow,SciShow,@SciShow,8400000,4100,science,lexicon,4_large(1M-10M),4_firehose(>1K),org/brand,2048.8,True,9,"science news learn teach biology physics chemistry scishow ""hank green"" skeleton tardigrade ""michael aranda"" complexly","SciShow explores the unexpected. We delve into the scientific subjects that defy our expectations and make us even more curious!   For more from SciShow, check out SciShow Kids and SciShow Tangents, along with SciShow Space and Psych. "
UCUHW94eEFW7hkUMVaZz4eDg,minutephysics,@MinutePhysics,5970000,312,science,curated,4_large(1M-10M),3_prolific(200-1K),individual?,19134.6,True,9,"nobel prize sean carroll neil degrasse tyson minute physics uncertainty principle phd comics stephen hawking Brian Greene Henry Reich Grinnell college Physics cool science ""what is gravity?"" ""perimeter institute"" math pi gravity ""string theory"" quantum mechanics theoretical dark matter energy freddiew freddiew2 vihart xkcd mathematical TED ""TED talk"" khan academy io9 new scientist","Simply put: cool physics and other sweet science.  ""If you can't explain it simply, you don't understand it well enough."" ~Rutherford via Einstein? (wikiquote)  Created by Henry Reich"
UCKOvOaJv4GK-oDqx-sj7VVg,Chubbyemu,@chubbyemu,3820000,448,science,curated,4_large(1M-10M),3_prolific(200-1K),org/brand,8526.8,True,9,science questions education learning schools,"We tell stories in medicine. These are variations on cases we, or our colleagues, have seen in the past. The main goal of these videos are to tell a story about people, as we each have a unique story to tell.  For general contact email us at contact at chubbyemu dot com. Business inquiries only to t"
UCEIwxahdLz7bap-VDs9h35A,Steve Mould,@SteveMould,3590000,385,science,curated,4_large(1M-10M),3_prolific(200-1K),individual,9324.7,True,9,Science Mathematics Math Maths Illusions Experiments Demos Physics Psychology Chemistry,I make videos about science.  I also write books! You can get them here: https://stevemould.com/books  You can support me on Patreon here: https://www.patreon.com/stevemould  You can discuss my videos on reddit: https://reddit.com/r/SteveMould  For sponsorships and brand deals please email stevemoul
UC7DdEm33SyaTDtWYGO2CwdA,Physics Girl,@physicsgirl,3540000,316,science,curated,4_large(1M-10M),3_prolific(200-1K),individual?,11202.5,True,9,physics experiments fun,"Physics Girl is a YouTube channel created by Dianna Cowern that adventures into the physical sciences with experiments, demonstrations, and cool new discoveries. Physics Girl has videos for every atom and eve.   Mailing address: Physics Girl PO Box 9281 San Diego CA, 92169"
UC1D3yD4wlPMico0dss264XA,NileBlue,@NileBlue,3520000,112,science,curated,4_large(1M-10M),2_moderate(50-200),individual,31428.6,True,9,chemistry science,Exploring science through sheer incompetence...  Check out my main channel @NileRed 
UC7_gcs09iThXybpVgjHZ_7g,PBS Space Time,@pbsspacetime,3500000,444,science,lexicon,4_large(1M-10M),3_prolific(200-1K),org/brand,7882.9,True,9,"space science astrophysics astronomy stars physics ""outer space"" aliens ""black holes"" ""quantum mechanics"" ""general relativity""","Space Time explores the outer reaches of space, the craziness of astrophysics, the possibilities of sci-fi, and anything else you can think of beyond Planet Earth with our astrophysicist host: Matthew O’Dowd.  For all business inquiries and sponsorship opportunities please reach out to: pbsspacetime"
UCeiYXex_fwgYDonaTcSIk6w,MinuteEarth,@MinuteEarth,3300000,501,science,curated,4_large(1M-10M),3_prolific(200-1K),org/brand,6586.8,True,9,"MinutePhysics earth ""earth science"" ecology climate geology biology ""climate science"" ""climate change"" history ""global warming"" environment minute illustration animation ""digital animation"" ""graphic design"" cartoon ""After Effects""","Science and stories about our awesome planet! Our staff: Lizah van der Aart, Sarah Berman, Cameron Duke, Arcadi Garcia, David Goldenberg, Melissa Hayes, Alex Reich, Henry Reich, Peter Reich, Ever Salazar, Leonardo Souza, Kate Yoshida and Jasper Palfree.  MinuteEarth is produced by Neptune Studios LL"
UCJYJgj7rzsn0vdR7fkgjuIA,styropyro,@styropyro,3090000,204,science,curated,4_large(1M-10M),3_prolific(200-1K),org/brand,15147.1,True,9,"laser science electricity ""high voltage"" chemistry","I'm a science maniac that loves building huge lasers and playing with electricity and chemicals.  Officially I am a chemist, but I get my hands dirty in all aspects of mad science. When it comes to building stuff, I'm certainly an ""old school"" kind of maker as I'd rather use a hacksaw and soldering "
UCEOXxzW2vU0P-0THehuIIeg,Captain Disillusion,@CaptainDisillusion,2510000,116,science,lexicon,4_large(1M-10M),2_moderate(50-200),individual?,21637.9,True,9,"skepticism ""critical thinking"" revealed technical ""visual effects"" VFX graphics animation debunking science comedy humor superhero action sci-fi","In a world where the content of digital images and videos can no longer be taken at face value, an unlikely hero fights for the acceptance of truth.  Captain Disillusion guides children of all ages through the maze of visual fakery to the open spaces of reality and peace of mind.  Subscribe to g"
UCvGMGQC8gNkd4gwxSbABIlw,Quirkology,@Quirkology,2420000,87,science,curated,4_large(1M-10M),2_moderate(50-200),individual?,27816.1,True,9,illusions psychology quirkology magic tricks,"Quirky mind stuff from psychologist, author and magician Richard Wiseman.  If you are into psychology, illusions, bets you always win, magic, and the impossible, this is the place to be."
UCV5vCi3jPJdURZwAOO_FNfQ,The Thought Emporium,@thethoughtemporium,2220000,195,science,curated,4_large(1M-10M),2_moderate(50-200),individual?,11384.6,True,9,"Science nanotech biology genetics cyberpunk biohacking transhumanism chemistry education physics engineering ""genetic engineering"" diybio tutorial learning scientific electronics radio rf ""ham radio"" satellite ""synthetic biology"" synthesis bioengineering biotech biotechnology laboratory robots robot space radiation nuclear ""nuclear physics"" machining ""machine shop"" fabrication solarpunk","Science is a bottomless well of some of the most amazing things this universe has to offer. There is so much amazing science and engineering that gets done, but most often the only ones who get to experience it first hand are those in expensive labs in universities. This channel aims to explore as m"
UCxzC4EngIsMrPmbm6Nxvb-A,Scott Manley,@scottmanley,1870000,3000,science,curated,4_large(1M-10M),4_firehose(>1K),individual,623.3,True,9,astronomy gaming science physics space,"Scott Manley is someone who fell into YouTube because he felt a deep compelling need to teach people orbital mechanics and rocket science so they could play Kerbal Space Program, now, years later the gaming videos are less important and the pure science is the main thrust. My degrees are all in Phys"
UClq42foiSgl7sSpLupnugGA,D!NG,@dingsauce,1820000,255,science,curated,4_large(1M-10M),3_prolific(200-1K),individual?,7137.3,True,9,,"Subscribe for Wacky Gifts, Amazing Apps, and The Best of the Internet.  D!ING launched in October 2015 and is powered by Vsauce.  ************************************************************­***  D!NG is...  Michael Stevens: Producer/Host of Vsauce1/D!NG   Kevin Lieber: Producer/Host of Vsauce2/D!NG"
UCtESv1e7ntJaLJYKIO1FoYw,Periodic Videos,@periodicvideos,1630000,749,science,curated,4_large(1M-10M),3_prolific(200-1K),org/brand,2176.2,True,9,chemistry science periodic table elements,"Your ultimate channel for all things chemistry. A video about each element on the periodic table. And we upload new videos every week about science news, interesting molecules and other stuff from the world of chemistry."
UCrMePiHCWG4Vwqv3t7W9EFg,SciShow Space,@scishowspace,1420000,898,science,lexicon,4_large(1M-10M),3_prolific(200-1K),org/brand,1581.3,True,9,,"SciShow Space explores the universe a few minutes at a time. We share everything from just after the beginning of time to new innovations in space exploration.  For the most recent space science, check out our new videos on @SciShow. And for young thinkers, visit SciShow Kids!  "
UCkxMlA7rt-mnIc1AjbyAsPw,sexplanations,@sexplanations,1130000,485,science,curated,4_large(1M-10M),3_prolific(200-1K),individual?,2329.9,True,9,"sexplanations sexplainations sexplinations ""sex ed"" sexuality relationships intimacy communication partner boobs ""how to"" education consent why ""dr. doe"" lindsey vlogbrothers ""hank green"" youtube body ""pelvic exam"" woman gay lgbt lesbian fingering oral ""how to"" how explanation explanations exploring curious ""stay curious"" ""lindsey doe"" lindsay","Sexplanations is sexedutainment for the universe hosted by Dr. Lindsey Doe, doctor of human sexuality and clinical sexologist. It is produced by Maia Ledesma and Alex Salvador. Like much of YouTube EDU, Sexplanations shares bursts of incredible knowledge while inspiring the audience to stay curious."
UCJ0yBou72Lz9fqeMXh9mkog,Physics Videos by Eugene Khutoryansky,@EugeneKhutoryansky,1040000,203,science,curated,4_large(1M-10M),3_prolific(200-1K),individual,5123.2,True,9,education science physics tech math engineering,"Physics YouTube channel made and run by Eugene Khutoryansky. All my videos are narrated by Kira Vincent.  I make all the animations for my videos myself.    In many cases, it takes me several months of work to create the animations for a single video, so please be patient.  Topics covered include ph"
UCwGEZhoIwu7GN44Xkr_fXwA,styro pyro 2,@styropyroshorts,979000,49,science,curated,3_mid(100K-1M),1_sparse(<50),individual,19979.6,True,9,science engineering lasers chemistry electricity electronics DIY optics lights lightning educational,styropyro second channel!  This channel is for projects and vids that don't quite fit my main channel. 
UCq8ZAAsI89IoJ-fn1gYpO3g,Nightshift – Kurzgesagt After Dark,@nightshift_kurzgesagt,947000,10,science,curated,3_mid(100K-1M),1_sparse(<50),individual?,94700.0,True,9,"history ""human history"" ""earth history"" kurzgesagt ""in a nutshell"" ""human made"" storytelling ""weird history"" ""dark history"" ""untold stories"" ""hidden history"" ""forgotten civilizations"" ""historical mysteries"" ""science of history"" ""history of ideas"" ""cultural evolution"" ""humanity’s story"" curiosity philosophy anthropology psychology civilization ""human behavior"" ""knowledge channel"" ""educational youtube"" ""learning channel"" ""explainer videos""","Explore the weird, beautiful, and sometimes unsettling side of history. 🌚 Because the story of the past is also the story of us, of humanity.  The videos are made by a small, very excited group within kurzgesagt, powered not by AI but by curiosity, craft, and a nightshift… or two. 😅 A true passion p"
UCvBqzzvUBLCs8Y7Axb-jZew,Sixty Symbols,@sixtysymbols,889000,428,science,curated,3_mid(100K-1M),3_prolific(200-1K),individual?,2077.1,True,9,physics astronomy,Cool videos about physics and astronomy.
UCgC4Nn0rqqdeqACnzaIMo_Q,The Slow Mo Guys 2,@TheSlowMoGuys2,840000,45,science,curated,3_mid(100K-1M),1_sparse(<50),individual?,18666.7,True,9,"slow mo guys high speed motion super slomo phantom hd gav dan 1000fps gavin free slap smash flex ""the slow mo guys""","This is the Behind the Scenes channel for The Slow Mo Guys.  This channel features more laid back ""out of labcoats"" content that doesn't fit on the main channel including behind the scenes stuff that we have racked up over the years but have never shown, as well as more technical videos such as ""how"
UCD5B6VoXv41fJ-IW8Wrhz9A,Fermilab,@fermilab,827000,514,science,curated,3_mid(100K-1M),3_prolific(200-1K),org/brand,1608.9,True,9,"Fermilab physics ""Fermi lab"" LHC D.O.E. HEP subatomic neutrinos quarks Higgs Tevatron science antimatter accelerator ""particle physics"" PIP-II LBNF DUNE","Fermi National Accelerator Laboratory is America's particle physics and accelerator lab. Founded as the National Accelerator Laboratory in 1967, it was renamed after physicist Enrico Fermi in 1974. Since its inception, Fermilab has been a world leader in particle physics, with discoveries including "
UCznHh6gk3ewFhaTZtdQFWWw,Greg and Mitch,@AsapTHOUGHT,762000,172,science,curated,3_mid(100K-1M),2_moderate(50-200),org/brand,4430.2,True,9,Science AsapSCIENCE Facts,"Let's try something new!  Created by: Mitchell Moffit (@mitchellmoffit) Gregory Brown (@whalewatchmeplz)  Send us stuff! ASAPSCIENCE INC. P.O. Box 93, Toronto P Toronto, ON, M5S2S6"
UCCWeRTgd79JL0ilH0ZywSJA,AlphaPhoenix,@AlphaPhoenixChannel,717000,129,science,curated,3_mid(100K-1M),2_moderate(50-200),individual,5558.1,True,9,Maker DIY Science Physics Chemistry Space Astronomy Education Photography Timelapse,"I'm Brian Haidet - PhD in Materials Science, but I'd also describe myself as artist, maker, and Hawaiian shirt enthusiast. On this channel, You'll find my side projects and favorite physics demos - I hope you enjoy! "
UCt_t6FwNsqr3WWoL6dFqG9w,BrainCraft,@braincraft,622000,287,science,curated,3_mid(100K-1M),3_prolific(200-1K),org/brand,2167.2,True,9,"BrainCraft Psychology Brain Neuroscience Science ""Vanessa Hill"" ""personal development"" ""self care"" ""self help"" ""self improvement"" ""science education"" ""psychology education""","Hi! I'm Dr Vanessa Hill, a sleep researcher and science communicator. On BrainCraft I explore psychology, neuroscience and self-development to bridge the gap between scientific research and your daily well-being.  Outside of my regular videos, you can find BrainCraft as a series on PBS, watch my You"
UC2LZO6swZ9SLUEOks3WnsfA,2veritasium,@derek,565000,51,science,curated,3_mid(100K-1M),2_moderate(50-200),individual?,11078.4,True,9,"veritasium Derek ""Derek Muller""",Derek Muller's YouTube channel.
UCVovvq34gd0ps5cVYNZrc7A,Explosions&Fire,@ExplosionsAndFire,463000,35,science,curated,3_mid(100K-1M),1_sparse(<50),individual,13228.6,True,9,chemistry science experiments backyard home lab laboratory,"Home chemistry, where we try and investigate the cutting edge of modern explosives science, talk about some of the classics of the energetics field and just generally chat science. Sometimes in a sane way.    There's also a rad discord for this channel now! The biggest** (unverified) chemistry disco"
UCFk__1iexL3T5gvGcMpeHNA,Looking Glass Universe,@LookingGlassUniverse,449000,108,science,curated,3_mid(100K-1M),2_moderate(50-200),org/brand,4157.4,True,9,"Physics ""Quantum Mechanics"" Mathematics",My name is Mithuna Yoganathan and I did my PhD in theoretical physics at the University of Cambridge. My channel is mostly about Physics’s but recently I’ve been focussing more on AI.   
UCtscFf8VayggrDYjOwDke_Q,Angela Collier ,@acollierastro,369000,89,science,curated,3_mid(100K-1M),2_moderate(50-200),individual?,4146.1,True,9,,Theoretical Physicist From Eastern KY. 
UCbCq5Y0WPGimG2jNXhoQxGw,Atomic Frontier,@AtomicFrontier,348000,57,science,curated,3_mid(100K-1M),2_moderate(50-200),individual?,6105.3,True,9,"""Atomic Frontier""",Engineering the world one video at a time! 
UCim0JOU5CqZG3jKhU2c_yeg,Tom Lum,@TomLumPerson,347000,76,science,curated,3_mid(100K-1M),2_moderate(50-200),individual,4565.8,True,9,,Catch my science game show in NYC! www.OurFindingsShow.com
UCGRB1ZjIqAiaGwt-XLq9CnA,Sciencium,@sciencium,322000,7,science,curated,3_mid(100K-1M),1_sparse(<50),individual?,46000.0,True,9,"science veritasium physics chemistry biology education ""derek muller""","Exciting discoveries in science, recent and historical."
UCNk3CeLpCA0qIZsuzGl09cw,Homemade Science with Bruce Yeany,@YeanyScience,322000,273,science,lexicon,3_mid(100K-1M),3_prolific(200-1K),individual,1179.5,True,9,,"Homemade science is a collection of  classroom tested ideas,  suggestions, projects, and experiments  that I have  used  in  teaching physical science for the Annville-Cleona school district in central Pennsylvania.  I  have taught science for 41 years and retired in 2018 due to bad knees.      My i"
UCfzLXKMZqf8-nR920SbQJLA,yeti dynamics,@yetidynamics,313000,23,science,curated,3_mid(100K-1M),1_sparse(<50),individual,13608.7,True,9,,"Hi, My name is Nick and I create Videos about things that I find interesting, in particular visualizations that are almost, but not entirely impossible."
UCo-3ThNQmPmQSQL_L6Lx1_w,DeepSkyVideos,@DeepSkyVideos,251000,194,science,curated,3_mid(100K-1M),2_moderate(50-200),individual?,1293.8,True,9,deep sky deepsky Messier Objects astronomy space galaxies galaxy stars,Exploring deep space - one video at a time. Including videos about the famous Messier Catalogue and access to world-class telescopes. Videos by Brady Haran.
UCljE1ODdSF7LS9xx9eWq0GQ,potholer54,@potholer54,241000,229,science,curated,3_mid(100K-1M),3_prolific(200-1K),individual,1052.4,True,9,potholer54 evolution atheism darwinism god christianity creation climate change global warming al gore skeptic,"The purpose of this channel is to correct false scientific information on the internet. I am a former science journalist and geologist (see the ""Who I am"" video or channel trailer).  Feel free to post. The only rules are :  DON'T... 1) ...plagiarize 2) ...post racist abuse 3) ...advertise (i.e. just"
UCtwKon9qMt5YLVgQt1tvJKg,Objectivity,@ObjectivityVideos,216000,314,science,curated,3_mid(100K-1M),3_prolific(200-1K),individual?,687.9,True,9,Objectivity,"Objectivity is a series of videos about science treasures. In each video we uncover amazing objects and manuscripts from the archives, tell you their stories, and discuss them with experts."
UCQHsMwcGoH1ygyi-pJs5Z8A,Frame of Essence,@frameofessence,175000,22,science,curated,3_mid(100K-1M),1_sparse(<50),individual?,7954.5,True,9,physics relativity quantum computing education science,"Embrace the complexity within Physics, Math, and Computers! - created by Philip O. Duncan"
UCQeDjGVRTWAApRmP_xFWaRA,Not David,@not_David,151000,10,science,lexicon,3_mid(100K-1M),1_sparse(<50),individual?,15100.0,True,9,,Stupid science videos
UCTzI0MzwEEImh4BOUUGGhKg,Alexis Dahl,@AlexisDahl,136000,74,science,curated,3_mid(100K-1M),2_moderate(50-200),individual,1837.8,True,9,"michigan scishow dahl alexis science history exploring keweenaw upper peninsula UP great lakes geoheritage geology superior copper mining ""pure michigan"" ""lake superior"" ""michigan travel"" ""michigan upper peninsula"" ""michigan UP"" ""up travel"" ""upper peninsula travel"" ""upper peninsula"" ""alexis dahl"" ""great lakes"" ""up north"" biology michigan history","Why is Michigan the way it is? From ancient lava flows and mountain ranges, to copper mines and groundbreaking experiments, this channel follows my adventures trying to understand the place I call home. You'll find a lot of science, a bit of history, and a good bucket load of enthusiasm. I'm glad yo"
UCCAgrIbwcJ67zIow1pNF30A,nottinghamscience,@nottinghamscience,125000,494,science,curated,3_mid(100K-1M),3_prolific(200-1K),individual?,253.0,True,9,science nottingham Brady Haran,Behind-the-scenes in the world of science. Also features extra footage and outtakes from periodicvideos and sixtysymbols.
UCsaEBhRsI6tmmz12fkSEYdw,Hot Mess,@HotMessPBS,98800,46,science,curated,2_small(10K-100K),1_sparse(<50),org/brand,2147.8,True,9,,"Hot Mess is a show about how climate change impacts all of us, and about how we can create a better future for our planet and ourselves.  We're glad you're here. Please subscribe and join our community!  Hosted by Miriam Nielsen, Talia Buford, and Joe Hanson.  Creative Director: David Schulte Produc"
UCIZa-t5ctYtAn6BruNTxxwQ,Clockwork,@Clockworkbio,87500,29,gaming,curated,2_small(10K-100K),1_sparse(<50),org/brand,3017.2,True,9,"chemistry biochemistry biology science ""popular science"" ""organic chemistry"" learning education ""science education"" proteins cells",Being alive is completely incredible when you start looking at it from the chemical level. This channel seeks to explore the rich complexity of life through the lens of biochemistry.   We're using animation to break down complex concepts in one of the most exciting fields of research today. Our main
UCerL4WZxy37tdPyDt2x3zMA,Trace Dominguez,@TraceDominguez,86700,175,science,curated,2_small(10K-100K),2_moderate(50-200),individual,495.4,True,9,"""trace dominguez"" science education STEM dnews seeker technology engineering learning scicomm","I have a million questions. How many can we get to??? New videos some days.   Trace is an Emmy-nominated, Telly-award-winning creator of video and television. He can produce, write, edit video, present, and make really good French toast. He's got experience in all screens, and has ideas coming out m"
UCP16wb-IThCVvM8D-Xx8HXA,BackstageScience,@BackstageScience,64200,47,science,curated,2_small(10K-100K),1_sparse(<50),individual?,1366.0,True,9,science physics astronomy,"We're taking you ""backstage"" at some of the UK's most amazing science facilities.  They include space telescopes, powerful lasers and football-field sized experiments.  But who works there and what are they doing?  Brought to you by the Science and Technology Facilities Council."
UCF3UCTZiVg9wrIEzO7Om6jw,Mick West,@MickWest,59300,347,science,curated,2_small(10K-100K),3_prolific(200-1K),org/brand,170.9,True,9,,"I'm Mick West, skeptic, writer, UFO investigator, and former video game programmer. This is the official channel for videos relating to the debunking and other experiments I do on my forum MetaBunk.org. It's also where I post the video of my Podcast - Tales From the Rabbit Hole (tftrh.com) which foc"
UC5E_q3-du7mrDZIyETFZ_Xw,acollieralso,@acollieralso,47400,39,science,curated,2_small(10K-100K),1_sparse(<50),individual,1215.4,True,9,,This is a book channel.  I do science and stuff over at @acollierastro
UCNGSLqZab4TkgY8cnJQxgtA,psyfile,@psyfile,45100,6,science,curated,2_small(10K-100K),1_sparse(<50),org/brand,7516.7,True,9,Psychology Neuroscience,"Psychology videos by Brady Haran.  Filmed with experts from the University of Manchester's School of Psychological Sciences."
UCxZpM39a6aPP62h95rdEo7A,Mike Likes Science,@mike.likes.science,37400,110,science,curated,2_small(10K-100K),2_moderate(50-200),individual,340.0,True,9,"""mike likes science"" ""coma niddy"" education science ""science rap"" ""educational music""","Hi I'm Mike! Welcome to my YouTube channel. I like learning and helping people learn. So every month or so, I make science inspired music videos. If you like learning, then you've come to the right place!"
UCB8EwbFEUR8IrDjq8LA8YrA,Holy Fucking Science,@holyfuckingscience,14400,72,science,curated,2_small(10K-100K),2_moderate(50-200),org/brand,200.0,True,9,"science ""holy fucking science"" ""hank green"" ""caitlin hofmeister""",Holy F*****g Science is a Podcast about science that is not for kids in which four people get together to try and astound and amaze each other with the realities of our glorious universe. Secondary goal: To make each other laugh.  Follow us on SoundCloud: https://soundcloud.com/holyfuckingscience  i
UCxuET3jfy0v8EJa7TKNiI2g,fyfluiddynamics,@fyfluiddynamics,12200,48,science,curated,2_small(10K-100K),1_sparse(<50),individual,254.2,True,9,"""fluid dynamics"" science physics ""science outreach"" ""fluid mechanics"" stem","Celebrating the physics of all that flows with Nicole Sharp, Ph.D. See http://fyfluiddynamics.com for more.  Please note that some of the older videos on this channel are the work and property of the acknowledged and credited authors. Should anyone wish their work removed, please contact me and I wi"
UC0-oBbYS4LqupJ1vhOqUhJw,PlayTheMind,@PlayTheMind,11000,28,science,curated,2_small(10K-100K),1_sparse(<50),individual,392.9,True,9,"playthemind ""play the mind"" ""learning the piano"" ""learning piano"" ""learn the piano"" ""piano tutorials""","If you want to learn piano but don't want to be stuck in boring exercises, this is the place for you.   My name is Alex, creator of PlayTheMind. On this channel, I focus on piano improvisation, and how to perform piano works intuitively. No rigid methods—just music, insight, and inspiration.  SUBSCR"
UCYEwmTKUE5Ua2yiYRfe-7qQ,Ariel Waldman,@ArielWaldman,8780,104,science,curated,1_micro(<10K),2_moderate(50-200),org/brand,84.4,True,9,"science space ""space exploration"" antarctica","Ariel Waldman is an explorer and filmmaker. Her expeditions take her from tallgrass prairies and deep-sea canyons to the icy realms of Antarctica. In these remarkable places, she films otherworldly life beneath the surface, including the extraordinary lives of microscopic animals. Ariel is the creat"
UCndQsfS-fANYdW_JOMUK65g,Living Science,@livingscience9727,2300,28,science,curated,1_micro(<10K),1_sparse(<50),individual?,82.1,True,9,,"This video series is intended to supplement science education, and is based on the Next Generation Science Standards, All videos are appropriate for classroom use. The videos are produced by Aron Ra, who already makes videos that others have used in science classrooms. They are co-produced by his wi"
UCZq_rJJxTpQizF1dZLmNe8w,BlackHoleCam,@blackholecam,964,21,science,curated,1_micro(<10K),1_sparse(<50),org/brand,45.9,True,9,,"BlackHoleCam is a EU-funded project to finally image, measure and understand astrophysical black holes. Our research will test fundamental predictions of Einstein’s theory of General Relativity (GR). The BlackHoleCam team members are active partners of the global Event Horizon Telescope Consortium."
UCqqJQ_cXSat0KIAVfIfKkVA,J. Kenji López-Alt,@JKenjiLopezAlt,1760000,798,food,curated,4_large(1M-10M),3_prolific(200-1K),org/brand,2205.5,True,10,,"I'm Kenji López-Alt. I'm the author of the James Beard award-winning books The Food Lab and The Wok, a New York Times columnist, and a former restaurant worker. I'm also the author of the best-selling children's book, Every Night is Pizza Night.  Get them anywhere you buy your books, or for signed c"
UCFLwN7vRu8M057qJF8TsBaA,UpIsNotJump,@UpIsNotJump,1160000,219,unknown,lexicon,4_large(1M-10M),3_prolific(200-1K),individual,5296.8,True,10,,My Merch https://www.pixelempire.com/collections/upisnotjump/products/upisnotjump
UCA0g3liRXdpqyhxiQiE55tA,MinuteFood,@MinuteFood,375000,188,food,lexicon,3_mid(100K-1M),2_moderate(50-200),org/brand,1994.7,True,10,"MinuteFood science cooking food ""food science"" ""how to cook"" ""minute food""","MinuteFood serves up the science of what we cook, eat, and drink - all with the goal of unlocking ultimate deliciousness.  Join us on Patreon: patreon.com/minutefood  Got a question you think we should dig into? Let us know at hello@minutefood.info!  MinuteFood is created by Kate Yoshida & Arcadi Ga"
UCIPqOTYW439-5hUz6r3U1fA,H.BurgerGuy,@HBurgerGuy,293000,14,food,curated,3_mid(100K-1M),1_sparse(<50),individual?,20928.6,True,10,,Apologies in advance for all the bad content
UCOzuch8oW61hVYffbQ-upWw,Lines That Connect,@LinesThatConnect,88400,6,unknown,lexicon,2_small(10K-100K),1_sparse(<50),individual?,14733.3,True,10,,
UCmtC7HJIoMQxkvV4gh5dP0Q,Philomatics,@philomatics,68400,27,unknown,lexicon,2_small(10K-100K),1_sparse(<50),individual?,2533.3,True,10,,
UC_CoMTkmck2TFXArC1BYeLg,Amy & Jacky,@Pressurecookrecipes,42100,114,food,curated,2_small(10K-100K),2_moderate(50-200),org/brand,369.3,True,10,"""instant pot recipes"" ""Instant Pot"" instapot ""easy instant pot recipes"" recipes ""pressure cooker recipes"" ""pressure cooker"" cooking ""pressure cooking""","We are Amy + Jacky, the husband & wife team of Pressure Cook Recipes. We spend hours testing & developing Instant Pot Recipes & Pressure Cooker Recipes (so you don't have to!) to help you cook Easy, Healthy, Delicious meals!  These Recipes work for your Instant Pot, Ninja Foodi, Power Pressure Cooke"
UCRwr1kxjL-8m1L6mQXB2zSQ,BradyStuff,@BradyHaran,28400,121,unknown,lexicon,2_small(10K-100K),2_moderate(50-200),individual?,234.7,True,10,Brady Haran,Brady Haran runs numerous YouTube channels - but this is kind of a dumping ground for clips that don't quite fit anywhere!
UClQwIn2nc9bcmgKW0WQbBwQ,ProZD Eats Food,@ProZDEatsFood,27000,153,food,curated,2_small(10K-100K),2_moderate(50-200),individual,176.5,True,10,,"yo, it's my new channel where i eat food "
UCDbdpVSfdIPvCcrnwUBCtQA,GASTROFÍSICA,@tippetopphysics,22300,27,food,curated,2_small(10K-100K),1_sparse(<50),individual?,825.9,True,10,física divulgación ciencia cocina,El mundo está esperando a que lo midas. ¿A qué estás esperando tú?
UC0u7ZMWqkr7cKD_rvEXZUuQ,Brother Jake,@BrotherJake,19100,30,unknown,lexicon,2_small(10K-100K),1_sparse(<50),individual?,636.7,True,10,Mormon Mormons Mormonism LDS,Watch Brother Jake battle the tides of ignorance as he explains some of the thorniest issues of Mormonism in simple terms.
UCxlNxDhs_XNUYv7aXSb-cDg,Nader Makki,@NaderMakki,468,12,unknown,lexicon,1_micro(<10K),1_sparse(<50),individual?,39.0,True,10,,"Artist, motion designer, and CG generalist.   www.nadermakki.com"
UCo0eSsaLyD_oHQnRHGo97LA,Skull,,,,unknown,curated,unknown,unknown,individual?,,,10,,
UCNvsIonJdJ5E4EXMa65VYpA,ContraPoints,@ContraPoints,1910000,35,politics_society,curated,4_large(1M-10M),1_sparse(<50),individual?,54571.4,True,11,"contrapoints ""natalie wynn""","YouTuber, ex-philosopher."
UC2PA-AKmVpU6NKCGtZq_rKQ,Philosophy Tube,@PhilosophyTube,1670000,383,politics_society,curated,4_large(1M-10M),3_prolific(200-1K),org/brand,4360.3,True,11,Philosophy,I'm giving away a philosophy degree for free! Subscribe to learn and boost your brain power!
UCgi2u-lGY-2i2ubLsUr6FbQ,F.D Signifier,@FDSignifire,1210000,88,politics_society,curated,4_large(1M-10M),2_moderate(50-200),individual,13750.0,True,11,,Come here to watch my video essays on black movies and media
UC-kM5kL9CgjN9s9pim089gg,Adam Conover,@TheAdamConover,953000,380,politics_society,curated,3_mid(100K-1M),3_prolific(200-1K),individual,2507.9,True,11,adam conover collegehumor gaming videogame fave game comedy nes snes nintendo 90s,"I am a standup comedian, a television host, and a curious person who never stops asking questions."
UCJ6o36XL0CpYb6U5dNBiXHQ,Shaun,@Shaun_vids,763000,74,politics_society,curated,3_mid(100K-1M),2_moderate(50-200),individual,10310.8,True,11,,this is my internet channel
UCxFWzKZa74SyAqpJyVlG5Ew,Kat Blaque,@KatBlaque,638000,700,politics_society,curated,3_mid(100K-1M),3_prolific(200-1K),individual?,911.4,True,11,"""Social Commentary"" Dating Relationships Tansgender LGBT Politics Leftist Breadtube Polyamory Gender ""Kat Blaque""",Diverse media commentary for introspective hot people
UC5fdssPqmmGhkhsJi4VcckA,Innuendo Studios,@InnuendoStudios,545000,84,politics_society,curated,3_mid(100K-1M),2_moderate(50-200),org/brand,6488.1,True,11,,"I make video essays about games, web culture, and social politics."
UCajw8zd6DPpXOuF6d22Fjkw,T1J,@T1J,430000,528,politics_society,curated,3_mid(100K-1M),3_prolific(200-1K),individual,814.4,True,11,"the1janitor t1j theonejanitor ""kevin peterson"" ""black guy with dreads"" dreadlocks black guy ""nice guy"" ""mysterious S"" ""cultural appropriation"" locks hako ""you're not a nice guy"" ""you're not really a nice guy"" feminism ""social justice"" progressive liberal politics ""social issues"" ""pop culture""",black nerd who watched too much TV growing up    Say hi to me! http://the1janitor.com/contact    
UCkIS8hii93hF2q0TQFD-sEQ,Zohran Mamdani for NYC,@ZohranforNYC,377000,124,politics_society,curated,3_mid(100K-1M),2_moderate(50-200),individual?,3040.3,True,11,,Mayor-Elect of New York City.   
UCSkzHxIcfoEr69MWBdo0ppg,Jonas Čeika - CCK Philosophy,@jonasceikaCCK,316000,62,politics_society,curated,3_mid(100K-1M),2_moderate(50-200),individual?,5096.8,True,11,, 
UC9infsKo33_2LUoiqXGgQWg,Renegade Cut,@renegadecut,306000,782,politics_society,curated,3_mid(100K-1M),3_prolific(200-1K),individual,391.3,True,11,"""renegade cut"" movies film ""film analysis"" ""movie analysis"" anarchism ""media analysis"" ""left behind"" comedy ""star trek"" ""star wars"" mcu ""movie reviews"" ""movie analysis"" youtube video twitter ""video games"" ""video game music"" fallout ""fallout new vegas"" mario sonic games gaming ""disco elysium"" postal ""video game reviews"" ""video game analysis"" ""video game streaming"" ""retro gaming"" ""action games"" ""fighting games"" YTP ""video edits"" GOTY ""final fantasy"" ""roleplaying games"" CRPG JRPG ""aaa games"" indie","Renegade Cut is a video series about whatever I want. No point, only vibes.  BUSINESS OR SPONSORSHIP ENQUIRY: DM me on Bluesky - renegadecut.bsky.social  "
UC7Edgk9RxP7Fm7vjQ1d-cDA,Feminist Frequency,@feministfrequency,208000,507,politics_society,curated,3_mid(100K-1M),3_prolific(200-1K),individual?,410.3,True,11,"""pop culture"" movies ""video games"" feminist feminism ""feminist frequency"" ""fem freq"" ""ebony adams"" ""feminist frequency radio"" ""feminist frequency podcast"" ""movie reviews"" ""movie review podcast""","Created by Anita Sarkeesian, Feminist Frequency ran as an organization from 2009–2023, providing video commentaries exploring gender representations, myths, and messages in popular culture media. Now, host Kat Spada continues Feminist Frequency Radio's legacy as an independent podcast, with fun new "
UC_OttpBEWWzSUlZbk5qmhSA,Mia Mulder,@MiaMulder,161000,59,politics_society,curated,3_mid(100K-1M),2_moderate(50-200),org/brand,2728.8,True,11,Transgender feminism questions swedish svenska Mia Mulder sjw alt right sceptic theist leftist historian history bread tube woman trans politics leftist,"Mia Mulder makes overcaffeinated video essays about politics, history, and all the strange ideas that shape our lives, with a particular focus on trans issues, leftist theory, and the stories we tell about the past. From conspiracy theories that won’t die to democracy, identity, and the economy havi"
UCGh4KSR8TZZlyq3qQDBsBLA,ContraPointsLive,@ContraPointsLive,141000,94,politics_society,curated,3_mid(100K-1M),2_moderate(50-200),individual,1500.0,True,11,contrapoints,This is the ContraPoints live stream channel where I say unscripted things that I'll probably come to regret.
UC8l1OH0DOYARGUTrqAcWW2w,Carlos Maza,@CarlosMazaTube,112000,12,politics_society,curated,3_mid(100K-1M),1_sparse(<50),individual?,9333.3,True,11,,"Videos about how to understand the media, propaganda, and the weird language people use to trick us into believing bullshit."
UCqhVP3hxi6o8vDoFkUzMKew,Eldena Doubleca5t,@EldenaDoubleca5t,111000,126,politics_society,curated,3_mid(100K-1M),2_moderate(50-200),individual?,881.0,True,11,,
UC3FD64RRsrCLpiZNkq7ZkSg,Zoe Baker,@anarchozoe,86900,24,politics_society,curated,2_small(10K-100K),1_sparse(<50),individual,3620.8,True,11,,"I talk about the theory and history of anarchism, feminism and marxism. Author of Means and Ends: The Revolutionary Practice of Anarchism in Europe and the United States. PhD on the history of anarchism.   For recommended reading and video scripts (with all my page references) see my blog. "
UCOU-cHVIJhJ9JAeg2ZIIrRg,Soliloquy,@Soliloquy084,82700,55,politics_society,curated,2_small(10K-100K),2_moderate(50-200),individual,1503.6,True,11,Soliloquy Education Explanation Science History Politics,"The world is full of interesting things, ideas, people, history, events, and species. Hopefully, I add a few interesting videos to that list."
UCGog4JPn5-W3_XIKccENysg,halim alrah,@halimalrah2105,42100,12,politics_society,curated,2_small(10K-100K),1_sparse(<50),individual,3508.3,True,11,,support me on Patreon: @halimalrah follow me on Twitter: @halimalrah follow me on Instagram: @halimalrah 
UCUtloyZ_Iu4BJekIqPLc_fQ,Angie Speaks,@AngieSpeaks,36600,26,politics_society,curated,2_small(10K-100K),1_sparse(<50),org/brand,1407.7,True,11,,"Angie Speaks is a cultural analysis channel with a creative and mystical flair! If you like what I do and want to support me so I can make more, please consider becoming a Patron! You can also come hang with me on twitter @speaksangie and I am also the cohost of Mystic and the Machine Podcast Check "
UCKhw19mznhm4Ar9NcO1vzBw,YourCoolUncleMarisa,@yourcoolunclemarisa,31900,121,politics_society,curated,2_small(10K-100K),2_moderate(50-200),org/brand,263.6,True,11,,"Hey there, my lovely nerdphews! I'm your Cool Uncle Marisa, and I like to tinker and play with electronics - both new and retro. I also like other things. And I want to share them with you in a way that's fun and accessible. Hope you'll come on over and stick around a little while :^)"
UCgHn5LN2NiQXWMLL4BO70OQ,Travis Gilbert,@TravisGilbert,26300,72,politics_society,lexicon,2_small(10K-100K),2_moderate(50-200),individual,365.3,True,11,"psychology philosophy education science curious tangents ""curious tangents"" ""travis gilbert"" Vlogbrothers nerdfighteria","For curious people.  My name is Travis Gilbert and I'm trying to understand the world. My goal is to make the most interesting and informative videos possible.  If you want to collaborate, send fan art, or sponsor a video, contact me with the email below. Thanks for watching! "
UCBtvdjob_29m85wjfQS1ALg,Citations Needed,@citationsneeded,5140,68,politics_society,curated,1_micro(<10K),2_moderate(50-200),individual?,75.6,True,11,,
UCdZKffjiDM1kmTyd4uYEFHQ,the bread is rising,@thebreadisrising5981,3460,3,politics_society,curated,1_micro(<10K),1_sparse(<50),individual?,1153.3,True,11,,Breadtube is baking and coming soon...
UC1UgVQJ2xex5LeI-3yEu46w,Sarah Margaret,@SarahMargs,1730,6,politics_society,curated,1_micro(<10K),1_sparse(<50),individual?,288.3,True,11,,Scuba diving is an invasion of fish privacy.
UCb1kQ8rh4BdZ75dGzuzl39g,Olivia L.,@olivial.1784,1300,6,politics_society,curated,1_micro(<10K),1_sparse(<50),individual?,216.7,True,11,,
UCDJEFQIgRqybGKibycNZXNg,Plastikk Press,@plastikkpress,126,6,politics_society,lexicon,1_micro(<10K),1_sparse(<50),individual?,21.0,True,11,"""Grill Pill"" GrillPilled ""Matt Christman"" Philosophy internet ""log on to log off"" ""Log Off"" online america amerikkka dirtbag","Following the prophet, Matt Christman, from grill pilled to god pilled.  President of the Matt Christman Fan Club   "
UCMWt3IPMp-HtqrlFDCnhE-Q,Minerva McJanda,@JamesIles,87,26,politics_society,curated,1_micro(<10K),1_sparse(<50),org/brand,3.3,True,11,,"Hello! I'm a big fan of tabletop roleplaying games and storytelling games, and write my own under the label UFO Press. In this channel you'll find actual play recordings, rules explanations, and trailers for my upcoming releases."
UCSdma21fnJzgmPodhC9SJ3g,NakeyJakey,@NakeyJakey,2120000,130,game_design_analysis,curated,4_large(1M-10M),2_moderate(50-200),individual,16307.7,True,12,gaming video games console dreamcast halo,thank you for watching my video  
UCE1jXbVAGJQEORz9nZqb5bQ,Ahoy,@XboxAhoy,1860000,308,game_design_analysis,curated,4_large(1M-10M),3_prolific(200-1K),individual?,6039.0,True,12,"ahoy xboxahoy ""Xbox Ahoy"" games gaming documentary informative history retro",Insightful gaming videos.
UCqJ-Xo29CKyLTjn6z2XwYAw,Game Maker's Toolkit,@GMTK,1740000,238,game_design_analysis,curated,4_large(1M-10M),3_prolific(200-1K),individual?,7310.9,True,12,"""game design"" ""game makers toolkit"" nintendo ""video games""","Game Maker's Toolkit is a deep dive into game design, level design, and game production, hosted by Mark Brown.  Want to contact Mark? Visit the GMTK website below to find the contact form. "
UCyhnYIvIKK_--PiJXCMKxQQ,Joseph Anderson,@JosephAndersonChannel,762000,68,game_design_analysis,curated,3_mid(100K-1M),2_moderate(50-200),individual,11205.9,True,12,"video game analysis ""video game analysis"" ""video game reviews"" ""video game criticism"" ""video game critiques""","In-depth video game reviews and critiques, with a sharp focus on gameplay and narrative where applicable. The best way to contact me is through direct message on my discord."
UCJfJWct8jN1RpCuVWk3zHTA,Daryl Talks Games,@DarylTalksGames,751000,112,game_design_analysis,curated,3_mid(100K-1M),2_moderate(50-200),org/brand,6705.4,True,12,"Video game Essays video essay psychology gaming Nintendo design psych of play Celeste Level Design Zelda Dungeon platforming Indie Review analysis ""psych of play"" ""video game psychology""","Making solid B tier video essays since 2017    For ad integration inquires please contact partnerships@bellvines.com For everything else, daryltalksgames@gmail.com "
UCZB6V9fUov0Mx_us3MWWILg,People Make Games,@PeopleMakeGames,577000,61,game_design_analysis,curated,3_mid(100K-1M),2_moderate(50-200),org/brand,9459.0,True,12,"Games ""Video Games"" ""Chris Bratt"" ""Quintin Smith"" ""People Make Games"" PMG ""Anni Sayers""",We tell great stories about games and the people who make them.  Support our work at: http://www.patreon.com/PeopleMakeGames
UCT7njg__VOy3n-SvXemDHvg,Core-A Gaming,@CoreAGaming,468000,243,game_design_analysis,curated,3_mid(100K-1M),3_prolific(200-1K),org/brand,1925.9,True,12,"corea ""corea gaming"" ""fighting games"" esports fgc ""street fighter"" tekken ""mortal kombat""",Videos about fighting games.
UCWqr2tH3dPshNhPjV5h1xRw,Super Bunnyhop,@bunnyhopshow,433000,324,game_design_analysis,curated,3_mid(100K-1M),3_prolific(200-1K),org/brand,1336.4,True,12,"gaming games console pc computer video reviews review funny ""let's play""","Welcome to Super Bunnyhop, where we make pseudo-journalistic content about video games! Including history lessons & audiobook readings relating to their inspired source materials.  Your host: George Weidman Updates on Thursdays (or at least attempts to)  Audiobook podcasts are here: http://nebula.tv"
UCNOVwMpD-5A1xzcQGbIHNeA,Design Doc,@DesignDoc,369000,147,game_design_analysis,curated,3_mid(100K-1M),2_moderate(50-200),org/brand,2510.2,True,12,"Design Doc games analysis ""game design"" ""graphic design"" ""video essay"" ""video games""","We're Dan and Mike, and we're Design Doc! We make video essays on game design. Our videos are crosscuts that point out all the little details that add up to make amazing games. We pick a topic, and we see what we can dig up from all corners of the gaming world - from RPGs to Puzzle, from retro to mo"
UCxO_ya-RmAXCXJCU54AxYFw,New Frame Plus,@NewFramePlus,369000,52,game_design_analysis,curated,3_mid(100K-1M),2_moderate(50-200),org/brand,7096.2,True,12,"""New Frame Plus"" Animation ""Video Games"" ""Daniel Floyd"" ""Extra Credits"" ""Dan Floyd"" PlayFrame animator ""game animation"" ""extra frames"" ""dan animation"" ""best animation"" ""video game animation"" ""animator reacts"" ""learn animation"" Dan ""Extra History"" ""dan extra credits"" ""dan extra history"" ""sonic animation"" ""pokemon animation""","A series about video game animation created by Dan Floyd, veteran animator and co-creator of Extra Credits. If you came here hoping to nerd out about the animation in video games, then you've come to the RIGHT PLACE.  ----------------------------  PATREON https://www.patreon.com/newframeplus  TWITCH"
UC5CYeHPLer3lbEhgonvbbAA,Noah Caldwell-Gervais,@broadcaststsatic,313000,107,game_design_analysis,curated,3_mid(100K-1M),2_moderate(50-200),individual,2925.2,True,12,"Gaming Reviews Criticism ""Game Design"" Commentary","In-depth gaming reviews, mostly whole-franchise retrospectives or comparative reviews. My videos always have a table of contents in the video description for jumping from game to game rather than being broken into smaller videos. If you like these videos, please post them where others may find them!"
UCb_sF2m3-2azOqeNEdMwQPw,Matthewmatosis,@Matthewmatosis,245000,77,game_design_analysis,curated,3_mid(100K-1M),2_moderate(50-200),org/brand,3181.8,True,12,,"In-depth games reviews and analysis, nothing more; nothing less."
UCPlWv88ZRMxCcK3BGjrX7ew,Writing on Games,@WritingOnGames,212000,222,game_design_analysis,curated,3_mid(100K-1M),3_prolific(200-1K),org/brand,955.0,True,12,"Writing On Games Gaming Essays Pieces Opinion Narrative Analysis PC Dark Souls Critique Reviews ""writing on games"" ""video essay"" ""game design"" ""game analysis"" hitman ""hideo kojima"" ""armored core"" ""from software"" ps2 ""forgotten games"" ""game review"" ""story analysis"" ""narrative analysis"" nakeyjakey ""jacob geller"" thorhighheels ""noah caldwell-gervais"" raycevick whitelight","In-depth analysis and opinion pieces on games, their designs and their narratives.  Business enquiries: hamish@writingongames.co.uk "
UCm4JnxTxtvItQecKUc4zRhQ,Errant Signal,@ErrantSignal,174000,182,game_design_analysis,curated,3_mid(100K-1M),2_moderate(50-200),org/brand,956.0,True,12,"""errant signal"" games ""game criticism"" critic ""video game"" ""literary theory"" ""game critic"" ""game analysis"" videogame","Patreon: https://www.patreon.com/errantsignal  Here at Errant Signal we felt the world was lacking in internet reviews of videogames, so we set out to fill that void. Upon realizing it was standing room only, we decided to try that new Italian place instead."
UCjKSoJlPgcK6BmoSqXpj5xQ,Action Button,@ActionButton,170000,8,game_design_analysis,curated,3_mid(100K-1M),1_sparse(<50),org/brand,21250.0,True,12,,patreon.com/actionbutton twitch.tv/actionbutton twitter.com/actionbutton  Action Button reviews video games.  inquiries: hello@actionbutton.com
UCo8186mZYAY49flt6HkbqlQ,Leon Massey,@LeonMassey,161000,55,game_design_analysis,curated,3_mid(100K-1M),2_moderate(50-200),org/brand,2927.3,True,12,"Meowsy End Quote ""Leon Massey"" Leon Massey",Lets talk about them there video games  Business - LeonMasseyBusiness@Gmail.com  Profile Picture : https://twitter.com/SHIP_Combo
UCIoNgwHpavUi2UnC68cKgbw,Marshall McGee,@MarshallMcGee,121000,47,game_design_analysis,curated,3_mid(100K-1M),1_sparse(<50),individual?,2574.5,True,12,,new sound design videos every decade
UCWPTiFpzm8559H-9Err59gw,Turbo Button,@TurboButton,65400,26,game_design_analysis,curated,2_small(10K-100K),1_sparse(<50),org/brand,2515.4,True,12,"Review ""video essay"" gaming",Just some guy pretending to know things about video games.
UCvaUR_-uJQcu1-c4UfUtEmQ,Games As Literature,@GameProf,58200,193,game_design_analysis,curated,2_small(10K-100K),2_moderate(50-200),org/brand,301.6,True,12,"""video games"" literature","The home of Games as Lit. 101, a webseries that aims to explore interactive storytelling with analyses and educational videos for gamers and non-gamers alike. "
UCO8U0kx_oDhgd3o57rQAlXQ,tim rogers,@108x,20600,38,game_design_analysis,curated,2_small(10K-100K),1_sparse(<50),org/brand,542.1,True,12,action button entertainment videoball,this is the official youtube page for tim rogers (me) and Action Button Entertainment (my company) and Large Prime Numbers (my band). i also do readings of my weird writing and / or podcasts here.  that's about it!
UCkJ0UqlA1Bx6H4cgONmBUXg,Action Button Channel Two,@actionbuttonchanneltwo,12700,,game_design_analysis,curated,2_small(10K-100K),unknown,individual,,True,12,,"This is not the main Action Button channel. This is for stream archives and various bonus features, most of which are hidden from public view.  How do you access the bonus features? Well, I don't want to advertise you any kind of product here. So I'll just say: you can probably figure it out."
UCq8DICunczvLuJJq414110A,Zach King,@ZachKing,43100000,857,animation,curated,5_mega(>10M),3_prolific(200-1K),org/brand,50291.7,True,13,"""Zach King Vine"" magic illusions ""magic tricks"" ""zach king"" ""tik tok""","I post short magical videos!!  I hope I added a little more magic to your day!  - zach king  Check out my magical book here - http://bit.ly/ZachKingBook  SNAIL MAIL: Zach King 3835 E Thousand Oaks Blvd Suite 547 Westlake Village, CA 91362  My Magic Store - https://zachking.store"
UCLFXk9J3O-hhOk0msOjKYdQ,TerminalMontage,@TerminalMontage,5260000,185,animation,curated,4_large(1M-10M),2_moderate(50-200),individual?,28432.4,True,13,"NoPUNintendo TM Terminal Montage TerminalMontage Jeremy Jeremey Jer Chinshue SQ mario Time Speedrun zelda animation animator cartoon something series ""something about"" about somethingseries parody nopunintendo animated ""loud sound warning"" kirby pokemon fox ""smash bros"" gaming ""video game cartoon"" meme funny ""terminalmontage reaction"" ""star fox"" ""something about mario"" ""something about kirby""",Welcome to TerminalMontage! Home of the #SomethingSeries parodies and The Fruitless Quests Of Nabiu - #Nabiu 
UC0gEw6pgNkLkkzMwzX4UtHA,Egoraptor,@egoraptor,2840000,111,animation,curated,4_large(1M-10M),2_moderate(50-200),individual,25585.6,True,13,video game comedy parody animation short funny gaming,"I make CARTOONS! Are you a fan of CARTOONS?! Then watch my CARTOONS!  MAIL ME STUFF!  Egoraptor PO Box 3770 Glendale, CA 91221"
UCV5wuGZmg_FGQp25uzKKDaw,OneyNG,@OneyNG,2510000,51,animation,curated,4_large(1M-10M),2_moderate(50-200),individual?,49215.7,True,13,oney newgrounds chris neill o'neill OneyNG leo and satan ireland,NYAAHAHAA
UCP4nS6ag1-E6TzlQvaWfiZg,JelloApocalypse,@JelloApocalypse,1860000,198,animation,curated,4_large(1M-10M),2_moderate(50-200),org/brand,9393.9,True,13,,"Hi, I'm Brendan ""Jello"" Blaber! I'm a writer and a voice actor. My twitter: https://twitter.com/BrendanBlaber I make a thing called ""Epithet Erased!""  I am available for voice work if you'd like to reach out to me! Please send an email with a description of your project and/or an attached sample of "
UCj74rJ9Lgl3WTngq675wxKg,Noodle,@noodlefunny,1350000,85,animation,curated,4_large(1M-10M),2_moderate(50-200),individual,15882.4,True,13,Noodle Gaming Animation Cardboard Paper Puppet Set,i make vidbeo :)
UCbmxZRQk-X0p-TOxd6PEYJA,IanHubert,@IanHubert2,748000,91,animation,curated,3_mid(100K-1M),2_moderate(50-200),individual,8219.8,True,13,,Sometimes I make cinematic abominations!
UCIGRhqYssT6IGPYOnZBFYKw,Mattias Pilhede,@MattiasPilhede,636000,109,animation,curated,3_mid(100K-1M),2_moderate(50-200),individual?,5834.9,True,13,"comedy animation storytelling animated cartoon funny matchi matchipoko ""matchi poko"" ""funny animations"" animation ""funny animation"" ""matchi animations"" ""matchi animation"" animations cartoons strange funny comedy",Swedish Animator & Storyteller. 
UCMkbjxvwur30YrFWw8kpSaw,homestarrunnerdotcom,@homestarrunnerdotcom,383000,353,animation,curated,3_mid(100K-1M),3_prolific(200-1K),individual?,1085.0,True,13,"""Home Star Runner"" homestarrunner homestar strongbad ""Strong Bad"" strongbadia Sbemails badia ""strong sad"" Marzipan ""Coach Z"" Animation ""Flash Animation"" Cartoons Cartoon Puppets Puppet ""Board games"" funny ""the cheat"" ""coach z"" trogdor burninator email ""strongbad emails""","Cartoons and more from the website HomestarRunner.com featuring waggly, animated animal characters like Homestar Runner, Strong Bad, and Cherry Greg. Also Trogdor! We should probably mention Trogdor, right? Oh man, this description is getting totally great! You can even PAUSE these videos unlike tha"
UCumX61u3NGG7HcBTnnWmzRg,BravestWarriors,@BravestWarriors,337000,104,animation,curated,3_mid(100K-1M),2_moderate(50-200),org/brand,3240.4,True,13,"""bravest warriors"" ""pen ward"" pendleton cartoon ""cartoon network"" ""adventure time"" ""breehn burns"" ""dr. tran"" ""Liliana Mumy"" ""Maria Bamford"" ""John Omuhundro"" cartoons animation","Bravest Warriors follows 4 teenaged heroes-for-hire as they warp through galaxies to save adorable aliens and their worlds using the power of their emotions. Created by Pendleton Ward, the mind behind Cartoon Network's Adventure Time."
UCY7p_KVoBpn6YEiVUnvF_lQ,Pegbarians,@Pegbarians,311000,171,animation,curated,3_mid(100K-1M),2_moderate(50-200),org/brand,1818.7,True,13,animation cartoon animated games film funny tutorial anime,"Short, Funny animated films since 2014!  F.A.Q.  Q: What software do you use to animate? A: We use TVPaint  Q: Can you animate something for me? A: We can, but we don't work for free.   Q: What does you name even mean? A: It's a portmanteau of 'pegbar' and 'barbarians'. A pegbar is a tool used by tr"
UCNxrB1_wm8FCy_-VFB91UmQ,DeepBlueInk,@DeepBlueInk,252000,206,animation,curated,3_mid(100K-1M),3_prolific(200-1K),individual,1223.3,True,13,"animations animation animating animatics mbmbam ""my brother my brother and me"" deepblueink ""deep blue ink"" drawfee dropout ""game changer"" ""brennan lee mulligan""",New Animation every Friday!  Drop me an email at deepblueink@outlook.com or shoot me a DM at @deepblueink2d 
UCnXhtV6bM7TeUgMh4mvncDg,SmallButera,@SmallButera,142000,76,animation,curated,3_mid(100K-1M),2_moderate(50-200),org/brand,1868.4,True,13,,"Lindsay and Alex Small-Butera, the pair behind Baman Piderman make somewhat disconcerting animations for your enjoyment."
UCzsizX25bx5_iUSM0ztdBFg,1Kids (Mike),@1KidsEntertainment,110000,128,animation,curated,3_mid(100K-1M),2_moderate(50-200),org/brand,859.4,True,13,1kids pokemon bridged ptas ptbs p:tbs elite3,"Welcome to Mike's channel, formerly of Elite3. On this channel you'll find our old videos.  I'm probably retired from making content, but never say never. "
UCMG5uQag6BoG4w4rH7iGt4w,Alex Boucher,@AlexBoucher,107000,27,animation,curated,3_mid(100K-1M),1_sparse(<50),individual?,3963.0,True,13,,On a mission to watch every movie.
UC48s3aVt6bWFqF3VwiCewug,Ramayana : The Legend Of Prince Rama,@RamayanaLegendOfPrinceRama,74400,40,animation,curated,2_small(10K-100K),1_sparse(<50),org/brand,1860.0,True,13,Ramayana anime animation Rama India Japan,"This is the official channel for ""Ramayana: The Legend of Prince Rama"", the anime film co-produced by Japan and India, released in 1993. The original English version is 4K digitally remastered the end of 2021 and the film is shown upon request in various countries. As of September 2024, this film is"
UCc4jbVPThJ8CKiligww4w5Q,Doctor Puppet,@HelloDoctorPuppet,66900,59,animation,curated,2_small(10K-100K),2_moderate(50-200),individual?,1133.9,True,13,"""Doctor Who"" ""Doctor Puppet"" ""stop motion animation"" ""Alisa Stern"" TARDIS ""Dr Who"" ""Dr. Who""","The Doctor Puppet is a handcrafted fan tribute to Doctor Who, lovingly made in New York City.  Puppets are cool!  Created by Alisa Stern"
UCzhbXXKqKUNEI2TOFI1MI5g,The Thief and the Cobbler Archive Official,@TheThiefArchive,61000,382,animation,curated,2_small(10K-100K),3_prolific(200-1K),org/brand,159.7,True,13,,"The forgotten work of animator Richard Williams is brought back to life with rare films and footage newly found. While we are not affiliated with Mr. Williams, we aim to bring back to the public eye his unfinished animation masterpiece The Thief and the Cobbler. The history behind the film is shown "
UCbODt4cZgwEB_GhD1BwBtEA,MooselyBased,@mooselybased,26400,9,animation,lexicon,2_small(10K-100K),1_sparse(<50),individual,2933.3,True,13,,"Hey yo, I’m Lucas, or Moose, and I’m an animator, artist, and whatever"
UCIUex9Rd8YqVAbJgVO2CtYg,GC Vazquez,@GCVazquez,25500,94,animation,curated,2_small(10K-100K),2_moderate(50-200),org/brand,271.3,True,13,"GC ""GC Vazquez"" ""GC Positive"" ""GC Vazquez Dragon Quest"" ""GC Positive Dragon Quest"" ""GC Vazquez Yakuza"" ""GC Positive Yakuza"" ""GC Vazquez You Don't Need To Finish Games"" ""GC Vazquez Review"" ""GC Vazquez Video Essay"" ""GC Vazquez Like A Dragon"" ""GC Vazquez Replay Value""",My name's GC. I make videos about video games.  I stream at www.twitch.tv/gcvazquez https://bsky.app/profile/gcvazquez.bsky.social
UCWcTTRbmxbVM9HF8eKsDSBg,Discotek Media,@DiscotekMediaOfficial,15200,163,animation,curated,2_small(10K-100K),2_moderate(50-200),org/brand,93.3,True,13,anime animation cult film movies tv japan cartoon,Boutique Blu-ray publisher. Fan-driven company that licenses and sells the best of Japanese animation and Asian cinema... to YOU! 
UC3mixv9nJPCzHYXXorIbx5w,FlibidyDibidy,@flibidydibidy,11900,42,animation,curated,2_small(10K-100K),1_sparse(<50),individual?,283.3,True,13,,flibidydibidy.com  
UCyI8tCKHgsaOPkwCjLt3kuQ,Srcerer,@srcerer,10500,11,animation,curated,2_small(10K-100K),1_sparse(<50),individual?,954.5,True,13,"""C programming"" ""optimizing code"" ""compiler intrinsics"" x86",Low level coding sorcery.  Contrarian viewpoints on programming practices.
UCTxIkQLGQK-wG1fwcOh-TWQ,AnimEigo & Whole Grain Pictures,@AnimEigoWGP,10200,94,animation,curated,2_small(10K-100K),2_moderate(50-200),org/brand,108.5,True,13,AnimEigo anime japan japanese samurai,"MediaOCD's publishing labels: AnimEigo is the oldest anime label in North America, distributor of such classics as Bubblegum Crisis. Whole Grain Pictures is dedicated to the best in indie and world cinema. Check out our new podcast series, The Anime Business!"
UC5SgTj4IGqm0HrD5N4Fe93Q,FUNimationLive,@FUNimationLive,7960,,animation,curated,1_micro(<10K),unknown,org/brand,,True,13,"FUNimation anime ""Dragon Ball Z"" ""Fullmetal Alchemist"" ""One Piece""",FUNimation's Official Channel for Live Content
UCFeIEAkqvS4fJMTwUtF4OFw,Boarbarktree,@Boarbarktree,7630,4,animation,curated,1_micro(<10K),1_sparse(<50),individual?,1907.5,True,13,,
UCHgFsxnCoURxP97gi3bQ5WQ,Silver Sprocket,@SilverSprocket,7270,79,animation,curated,1_micro(<10K),2_moderate(50-200),individual?,92.0,True,13,,"Indie comics publisher, shop, and gallery 1018 Valencia St, San Francisco, CA 94110 "
UCOQhN7iTuq0EVs9P_hew5Ig,reichhen,@reichhen,7200,26,animation,curated,1_micro(<10K),1_sparse(<50),individual?,276.9,True,13,Star Wars parody Grinnell theoretical physics cross country running gravity Henry Reich,
UCyMZMWvFXg7ZJFSED_ImnwA,Pettyartist,@Pettyartist,4490,74,animation,curated,1_micro(<10K),2_moderate(50-200),org/brand,60.7,True,13,"nuzlocke pokemon ""let's play"" ffxiv pettyartist ""final fantasy XIV"" streaming gaming ""video games""","Nuzlocker-somebody, I play lots of games and draw!"
UCWF_L0DmPb6mcCyXVmuBOcA,jaytaiko,@jaytaiko,3470,12,animation,curated,1_micro(<10K),1_sparse(<50),individual,289.2,True,13,"""taiko no tatsujin"" ""rhythm games"" 太鼓の達人 drums","I make videos about Taiko no Tatsujin, the greatest rhythm game ever created. "
UC9TSv3wIuBWxhmTCGIEwu8g,Pasta Cats,@pastacats6813,730,19,animation,curated,1_micro(<10K),1_sparse(<50),individual?,38.4,True,13,,"The continuing misadventures of Meatball, Spaghetti, and Mozzarella - three cats who live together as friends (and sometimes foes!) in California."
UCg9D1ie8p34sPf1QOU5QfCQ,ナナシ,@%E3%83%8A%E3%83%8A%E3%82%B7-k1u,291,148,animation,curated,1_micro(<10K),2_moderate(50-200),individual?,2.0,True,13,,
UC1mWetAejxGvEXKAPS87-lQ,headfallsoff,@headfallsoff,187,10,animation,curated,1_micro(<10K),1_sparse(<50),individual,18.7,True,13,,Jackson from Abnormal Mapping's personal youtube channel! Nothing super serious but I'll upload videos here when I have things to say not on a podcast.
UCuClp9vCvqyPeHBR1h71isQ,HatchiMatchi,@hatchimatchi2467,71,77,animation,curated,1_micro(<10K),2_moderate(50-200),individual?,0.9,True,13,,Being cheeky and creative in game and out
UCHelL7_u3zwNlshYcF_6PlA,お兄ちゃんねる - OniiChannel,@-oniichannel9286,9,9,animation,curated,1_micro(<10K),1_sparse(<50),org/brand,1.0,True,13,"""Life Lessons"" Advice Comedy ""Video Games"" Movies ""Pop Culture"" Arts Music Politics","Fresh content by your Online Older Brothers, who love you and don't want you to fuck up"
UCtUbO6rBht0daVIOGML3c8w,Summoning Salt,@SummoningSalt,2130000,81,speedrun_glitch,curated,4_large(1M-10M),2_moderate(50-200),individual?,26296.3,True,14,,For sponsorship inquiries - summoningsalt@clovertalent.gg  For other messages - summoningsalt@yahoo.com 
UCHTnEwQKNwm49CQeCVZogMw,Boundary Break,@BoundaryBreak,1070000,480,speedrun_glitch,curated,4_large(1M-10M),3_prolific(200-1K),org/brand,2229.2,True,14,"""Boundary Break"" Shesez ""Off Camera Secrets"" Glitches Hacks Hacking Secret Secrets ""Easter Eggs"" GameThoery ""Game Theorist"" ""Game Theorists"" ""The Game Theorists"" GTLive MatPat MatPat13 MatthewPatrick13 AandStart A+Start ""Son of a Glitch"" Beta64 ""Game Club Podcast"" GCP MichaelChin1994 MC94 Animation SFM ""Source Filmmaker"" ""Did You Know Gaming"" DYKG Gaming Nintendo ""Nintendo Entertainment System"" Nes ""Super Nintendo"" Snes Switch Xbox ""Xbox 360"" ""Xbox One"" Playstation PS2 PS3 PS4","""YouTuber Shesez has recently started a new series called Boundary Break, where he takes us above and beyond the set boundaries of video games. With his help we can see those areas of games that were never meant to be more than scenery or decoration."" - Molly Maugan, www.Zeldainformer.com"
UC4JL8XJ9dxqfvzTM8L5Sl3w,Zullie the Witch,@ZullietheWitch,826000,538,speedrun_glitch,curated,3_mid(100K-1M),3_prolific(200-1K),individual?,1535.3,True,14,"""Dark Souls"" Gaming Modding ""Elden Ring"" Sekiro Bloodborne Nightreign FromSoftware",
UCDm-nYAJuqrBIy57EgWAymw,Gamechamp3000,@Gamechamp3000,558000,140,speedrun_glitch,curated,3_mid(100K-1M),2_moderate(50-200),org/brand,3985.7,True,14,"""video games"" Gamechamp Gamechamp3000 Gamechamp3k challenge ""vg myths"" ""can you beat"" nintendo","Good morning! I'm an enby completionist gamer who plays games extremely poorly on purpose, usually requiring massively more effort than just using the dang jump button.  If you'd like to support the channel, you can back on Patreon, with both text and vocal shoutout tiers. I couldn't do this without"
UCAnzaHhB0ONtwDkYdc3MFCw,Linkus7,@Linkus7,446000,184,speedrun_glitch,curated,3_mid(100K-1M),2_moderate(50-200),individual?,2423.9,True,14,,
UCMm211NGh4Ls5SAMZJF7E8A,pannenkoek2012,@pannenkoek2012,355000,449,speedrun_glitch,curated,3_mid(100K-1M),3_prolific(200-1K),individual,790.6,True,14,super mario 64 coins glitches,"I make videos about Super Mario 64.  To contact me, DM me on Twitter or Bluesky (@pannenkoek2012). "
UCIyZiiHXIH7KkqfaDvBmG-Q,EZScape,@EZScape,352000,132,speedrun_glitch,curated,3_mid(100K-1M),2_moderate(50-200),individual?,2666.7,True,14,Speedrunning speedrun any% speedruns glitches agdq,"Ex-Runescaper. This channel is now dedicated to producing speedrunning content such as top 10s, compilations, and commentaries."
UCuvSqzfO_LV_QzHdmEj84SQ,Kaze Emanuar,@KazeN64,324000,555,speedrun_glitch,curated,3_mid(100K-1M),3_prolific(200-1K),org/brand,583.8,True,14,"""nintendo 64"" programming optimization tech mathematics coding ""software development""","I mod Mario 64 into entirely new games all the time! If you have a question, ask on my streams at https://www.youtube.com/c/KazeClips !  For inquiries about commissions and freelance programming send me an email: kazeemanuar@googlemail.com "
UCQ9STd0zeHrrQGJQEuvhuTw,Bismuth,@Bismuth9,268000,97,speedrun_glitch,curated,3_mid(100K-1M),2_moderate(50-200),individual?,2762.9,True,14,"speedrun explained ""world record"" tool-assisted TAS explanation science speed run",World record and tool-assisted speedrun explanations
UCDfr25a1fzOgWZFwvIIRuHg,GingerOfOz,@GingerOfOz,243000,9,speedrun_glitch,curated,3_mid(100K-1M),1_sparse(<50),individual,27000.0,True,14,"Wii ""Portable Wii"" ""Portable gamecube"" gamecube gingerofmods portable nintendo",I build custom video game projects!  No sales at this time.
UCx-PpwbajI5ToAY0WwJO2Kg,PortalRunner,@PortalRunner,181000,73,speedrun_glitch,curated,3_mid(100K-1M),2_moderate(50-200),individual?,2479.5,True,14,,Silly technical videos every now and then.
UCkCGO21T72E2hcJyBNzM1gA,Lance McDonald,@DebugMenu,139000,64,speedrun_glitch,curated,3_mid(100K-1M),2_moderate(50-200),individual?,2171.9,True,14,"gaming bloodborne ps4 playstation ""let's play"" walkthrough commentary lore loretrough ""bloodborne lorethrough"" ""bloodborne nfvgz"" nfvgz ""bloodborne guided tour"" ""guided tour"" ""ps4 pro 60fps"" ""ps4 pro"" ""ps4 pro gameplay"" ""ps4 pro 60fps gameplay"" ""60 fps gameplay"" ""4k gaming"" ""gaming vlog"" ""the surge""","Video game cut content, hacking, developer tools, prototypes and debug modes explored."
UC5miyvhPsWWyfTulnJ43koQ,UncommentatedPannen,@UncommentatedPannen,131000,676,speedrun_glitch,curated,3_mid(100K-1M),3_prolific(200-1K),individual,193.8,True,14,,I make videos about Super Mario 64.
UClvMduw1MDMQ0PuH753-XSA,cheese speedrunning,@cheesespeedrunningyt,93800,551,speedrun_glitch,curated,2_small(10K-100K),3_prolific(200-1K),individual?,170.2,True,14,"Mario 64 speedrunning ""super mario 64"" ""world record"" ""120 Star"" ""16 star"" simply ""cheese speedrunning"" ""cheese sm64"" weegee suigi ""sm64 speedrunning"" cheese05",
UCAhuwIvlcSpjlrJALruursQ,CosmoSpeedruns,@CosmoSpeedruns,75600,236,speedrun_glitch,curated,2_small(10K-100K),3_prolific(200-1K),individual?,320.3,True,14,,
UCJxsAjbKGzdq9__bqTEf_fQ,gymnast86,@gymnast86,70000,726,speedrun_glitch,curated,2_small(10K-100K),3_prolific(200-1K),individual?,96.4,True,14,"""wind waker randomizer"" randomizer ""zelda speedrun world record"" ""wind waker speedrun"" ""Elusive Glitches"" ""skyward sword speedrun"" ""wind waker hd speedrun"" ""Twilight Princess TAS"" ""The Legend of Zelda TAS""",3D Zelda Speedrunner and TASer
UCwUDc1BsdtflKJX8jDjJNyw,AverageTreyVG,@AverageTreyVG,69600,315,speedrun_glitch,curated,2_small(10K-100K),3_prolific(200-1K),individual,221.0,True,14,Mario Sunshine AverageTreyVG AverageTrey SSX SMS Speedrun Speed Run 100%,I love the Gamecube.... it's so baaad
UC5C-7TI6goM9uQ7Gf3JwnRQ,Malleo,@Malleo,44700,321,speedrun_glitch,curated,2_small(10K-100K),3_prolific(200-1K),individual,139.3,True,14,ShwaMalleo Shwam Malleo Mario Kart Wii Paper ShwaMalleoMK,I make videos tricking people into learning Computer Science through the lens of videogame speedrunning applications. I currently develop Tool-Assisted Speedruns for Paper Mario: The Thousand-Year Door and Mario Kart Wii.
UCF4J8-QgeoGESBTcOhQ6EHw,Speed Docs,@SpeedDocs,41500,23,speedrun_glitch,curated,2_small(10K-100K),1_sparse(<50),individual?,1804.3,True,14,"speedrun progession ""world record"" history",
UCY1kMZp36IQSyNx_9h4mpCg,Mark Rober,@MarkRober,79800000,263,engineering_making,curated,5_mega(>10M),3_prolific(200-1K),org/brand,303422.1,True,15,"DIY Creative Design Hack Hacker Halloween costume ""ipad2 costume"" ""mark rober"" nasa jpl ""jet propulsion laboratory""","Former NASA engineer. Current CrunchLabs founder and friend of science.  Answers to some common questions:  1) I make a monthly toy we build together on a video, that gets delivered to your house that teaches you to think like an engineer.  Check it out at- https://crunchlabs.com 2) I studied Mechan"
UCp68_FLety0O-n9QU6phsgw,colinfurze,@colinfurze,13300000,433,engineering_making,curated,5_mega(>10M),3_prolific(200-1K),org/brand,30715.9,True,15,Colin furze britsh engineering maker fabrication inventions inventor crazy vehicles,"This channel is the home of crazy inventions, brilliant world records and constant disregard to health and safety. I guarantee you will not be disappointed with the videos uploaded as there some of the best and most original on the net and it is TV shows that copy me not the other way round. Thanks "
UCJ0-OtVpF0wOKEqT2Z1HEtA,ElectroBOOM,@ElectroBOOM,8750000,383,engineering_making,curated,4_large(1M-10M),3_prolific(200-1K),individual,22846.0,True,15,"""Electro Boom"" electroboom electricity testing mehdi sadaghdar shock mistake voltage current accident electronics study learn education entertain teach discharge zap spark electrovlog science technology experiment funny","Want to subconsciously learn while being entertained? Then subscribe!!   My twitter: https://twitter.com/ElectroBOOMGuy My Instagram: https://www.instagram.com/mehdi_sadaghdar My Facebook: http://www.facebook.com/ElectroBOOM My videos are also available on Odysee in the link below, in case YouTube d"
UCJLZe_NoiG0hT7QCX_9vmqw,I did a thing,@Ididathing,5630000,124,engineering_making,curated,4_large(1M-10M),2_moderate(50-200),individual,45403.2,True,15,"""I did a thing"" ""William Osman"" ""Black Smith"" DIY 'Michael Reeves'",I like to do things so come watch me
UCUQo7nzH1sXVpzL92VesANw,DIY Perks,@DIYPerks,4920000,121,engineering_making,curated,4_large(1M-10M),2_moderate(50-200),org/brand,40661.2,True,15,"diy build design ""do it yourself"" maker electronics how-to science experiments","I'm Matt, and here on DIY Perks you'll find plenty of interesting projects on a variety of topics!  Want help with a project? The official forum is a perfect place to start! Don't forget to help others out with your knowledge, too! https://forum.diyperks.com  We also have a live-chat Discord server "
UCMOqf8ab-42UUQIdVoKwjlQ,Practical Engineering,@PracticalEngineeringChannel,4790000,245,engineering_making,curated,4_large(1M-10M),3_prolific(200-1K),org/brand,19551.0,True,15,"""practical engineering"" engineer concrete dam infrastructure rebar ""reinforced sand"" weir grady flood flooding engineering bridge bridges ""water tower"" ""water hammer"" construction physics mechanics compression spillway spillways ""underwater stucture"" ""morning glory spillway"" ""civil engineer"" hydrology hydraulics ""public works"" ""thermal expansion"" oscillator ""tuned mass damper"" tmd skyscraper woodworking arduino lathe geometry turning ""grady hillhouse""","Practical Engineering is all about infrastructure and the human-made world around us. It is hosted, written, and produced by civil engineer, Grady Hillhouse. We have new videos posted every first and third Tuesday, so please subscribe for updates.  Practical Engineering: Deciphering Our Constructed "
UCj1VqrHhDte54oLgPG4xpuQ,Stuff Made Here,@StuffMadeHere,4750000,40,engineering_making,curated,4_large(1M-10M),1_sparse(<50),individual,118750.0,True,15,"engineering ""3D Printing"" ""plasma cutting"" design build make create programming python CAD machining welding tormach ""stuff made here""",I've been building things for as long as I can remember. It all started when my dad exposed me to plastic model building and soldering when I was around 4 years old. That set me on a path to building increasingly complex things and becoming an engineer. My goal is to do the same for as many people a
UCm9K6rby98W8JigLoZOh6FQ,LockPickingLawyer,@lockpickinglawyer,4670000,1600,engineering_making,curated,4_large(1M-10M),4_firehose(>1K),individual,2918.8,True,15,Lock Picking Lawyer,"This channel aims to educate consumers about weaknesses and defects in security devices so they can make better security decisions. It should go without saying, but I’ll say it anyway: do not use any of the information presented in my videos for illegal purposes.  My mailing information is below. Do"
UC7vVhkEfw4nOGp8TyDk7RcQ,Boston Dynamics,@BostonDynamics,3430000,193,engineering_making,curated,4_large(1M-10M),2_moderate(50-200),org/brand,17772.0,True,15,"Robot BigDog Atlas ""legged locomotion"" ""Boston Dynamics"" ""Spot Robot"" ""Dynamic robots"" Spot Stretch ""humanoid robot"" ai ""ai robotics"" ""embodied ai""","Boston Dynamics’ mission is to imagine and create exceptional robots that enrich people’s lives. For more information about Boston Dynamics and our robots, visit us at https://www.bostondynamics.com."
UCg3qsVzHeUt5_cPpcRtoaJQ,kiwami japan,@kiwami-japan,3420000,75,engineering_making,curated,4_large(1M-10M),2_moderate(50-200),individual?,45600.0,True,15,"ナイフ 包丁 研ぐ sharpen sharping ""Kitchen knife"" 自作 作り方 作製 方法 マシーン 実験 検証 改造 ＤＩＹ 工作 武器 料理 １００円ショップ １００均一 ダイソー セリア キャンドゥ","How to Sharpen a Kitchen knife, Whetstone,Experiment,Chemistry,"
UC3KEoMzNz8eYnwBC34RaKCQ,Simone Giertz,@simonegiertz,2860000,232,engineering_making,curated,4_large(1M-10M),3_prolific(200-1K),individual,12327.6,True,15,"Electronics Robotics robots shitty maker making building inventor ""product design"" ""product business"" creativity diy furniture design",Inventor and breaker of things. Founder of https://yetch.studio.  Want to send me something? All poop-free packages go here:  3183 Wilshire Blvd Ste 196L Los Angeles CA 90010 United States 
UCVS89U86PwqzNkK2qYNbk5A,Allen Pan,@allenpan,2330000,124,engineering_making,curated,4_large(1M-10M),2_moderate(50-200),individual?,18790.3,True,15,"""allen pan"" ""sufficiently advanced"" ""how to"" diy engineering tech science mythbusters anime inventions",Failed Mythbuster allenpan@night.co for business inquiries RealBustedMerch.com for buying busted merch 
UC2bkHVIDjXS7sgrgjFtzOXQ,engineerguy,@engineerguyvideo,1560000,115,engineering_making,curated,4_large(1M-10M),2_moderate(50-200),individual?,13565.2,True,15,,Bill Hammack explores the world of engineering
UCUbDcUPed50Y_7KmfCXKohA,James Bruton,@jamesbruton,1400000,796,engineering_making,curated,4_large(1M-10M),3_prolific(200-1K),individual,1758.8,True,15,"Droid Droids ""3D Printing"" fabrication fibreglass DIY fiberglass sculpting moulding ""silicone RTV"" Electronics Tutorial Cosplay ""How TO"" Project BB-8 ""Home Made"" project R2-D2 GNK maker make robot robots robotics ""walking robot"" ""vacuum forming"" vacform ""wood work"" wood construction Marvel Avengers robotics ""robot dog"" ""bipedial robot"" ""star wars"" droids building welding CNC ""stem education"" electronics coding","Former toy designer, current YouTube maker and general robotics, electrical and mechanical engineer, I’m a fan of doing it yourself and innovation by trial and error. My channel is where I share some of my useful and not-so-useful inventions, designs and maker advice. Iron Man is my go-to cosplay, a"
UCS0N5baNlQWJCUrhCEo8WlA,Ben Eater,@BenEater,1380000,130,engineering_making,curated,4_large(1M-10M),2_moderate(50-200),org/brand,10615.4,True,15,,"Subscribe to see tutorial-style videos about electronics, computer architecture, networking, and various other technical subjects. If you want to see more on a particular subject, leave a comment and I'll try my best to add more.  If you'd like to support my work, please do! https://www.patreon.com/"
UC_SLthyNX_ivd-dmsFgmJVg,Jeremy Fielding,@Jeremy_Fielding,1250000,156,engineering_making,curated,4_large(1M-10M),2_moderate(50-200),individual,8012.8,True,15,"""Mechanical Engineering"" ""electrical engineering"" motors ""mechanical design"" diy ""how to"" machining invention robotics ""robot arms"" Makers","My goal is simple. Draw people to engineering with interesting projects; Inspire them with ideas; Then teach them how to do it.   I am fascinated with all things mechanical, but most of my projects require multiple disciplines. So, you will also see electronics, motors, welding, machining, mechanica"
UCAbAsEZ-0LccTNbl8r-3EaQ,Scott Yu-Jan,@ScottYuJan,887000,78,engineering_making,curated,3_mid(100K-1M),2_moderate(50-200),individual,11371.8,True,15,,i like making art and design stuff
UC4DavIB24rEr5waVY5AgZLg,Walt Disney Imagineering,@waltdisneyimagineering,616000,199,engineering_making,curated,3_mid(100K-1M),2_moderate(50-200),individual?,3095.5,True,15,,"Walt Disney Imagineering is the creative force that imagines, designs and brings to life all Disney theme parks, resorts, attractions and cruise ships worldwide. Working across a spectrum of disciplines that range from creative and conceptual to scientific and technical, Imagineers blend an innovati"
UCQJQB-ij7HNYKCyNdi0Y--Q,Make With Miles,@makewithmiles,502000,72,engineering_making,curated,3_mid(100K-1M),2_moderate(50-200),individual,6972.2,True,15,Make Maker DIY Woodworking Wood Leather Making MakeWithMiles how to make,"I'm Miles Matheson, I make videos about design, making, and everyday life! For business inquiries: makewithmiles@bondandbrand.com  "
UCZvlShWyyr0YWxsLYb-X4yw,HeroTech,@herotech,415000,39,engineering_making,curated,3_mid(100K-1M),1_sparse(<50),org/brand,10641.0,True,15,"real tech diy gadgets future functional devices prototyping superheroes ""United States"" US ""Make It Real"" Engineering","Become a Hero. HeroTech engineers gadgets that give people abilities and powers from science fiction. We share our process on social media, along with files, links, and tutorials so that others can do the same.  We do this because when people see science fiction brought to real life, it’s inspiring."
UC1ELUfyiYnQQhtPWBS9Dmbg,David Zhang,@HelloDavid,404000,137,engineering_making,lexicon,3_mid(100K-1M),2_moderate(50-200),org/brand,2948.9,True,15,"""Product Reviews"" ""How To"" Ikea","My favorite Gadgets and Gear infused with a hint of DIY, Hacks and Design.  For the Office, around the Home or just on the Go, I'm always excited to try something new and share my thoughts and ideas with you.  Email For Business Inquiries at DavidZhangOfficial@gmail.com Based in Toronto, Canada  Thi"
UCNlBbEpwffgWefkbRm73xxQ,Stuff Made Here 2,@StuffMadeHere2,241000,5,engineering_making,curated,3_mid(100K-1M),1_sparse(<50),individual?,48200.0,True,15,,Things that need to be shared but don't fit on Stuff Made Here
UCXgpaZxObvROehgpRAmg0SQ,Hedron Rockworks,@hedronrockworks,232000,42,engineering_making,curated,3_mid(100K-1M),1_sparse(<50),individual,5523.8,True,15,Dice Gemstone D20,I am not currently taking commissions  Hedronrockworks.com @hedron.Rockworks on Instagram
UCUxIu91gGsK9Q0tTcQM8iNw,abe's projects,@abetoday,230000,123,engineering_making,curated,3_mid(100K-1M),2_moderate(50-200),individual?,1869.9,True,15,,The only thing worse than making things is /not/ making things.
UCBciYThS5hOiuQ4aOxw4hHg,Inkbox,@InkboxSoftware,215000,67,engineering_making,curated,3_mid(100K-1M),2_moderate(50-200),individual?,3209.0,True,15,"""computer science""",Assembly required.  
UCkyHL2ZPgw9D4GOcPQq6Uzw,ProjectsInFlight,@projectsinflight,155000,16,engineering_making,curated,3_mid(100K-1M),1_sparse(<50),org/brand,9687.5,True,15,,"Welcome to ProjectsInFlight!   DISCLAIMER: The videos on this channel feature materials, equipment, and activities that may be hazardous. By choosing to replicate or participate in any demonstrated activities, you acknowledge and assume all associated risks. You the viewer are responsible for your o"
UCBGt4ksgYC-au_J4LVC42bw,LightningOnDemand,@LightningOnDemand,130000,15,engineering_making,curated,3_mid(100K-1M),1_sparse(<50),individual?,8666.7,True,15,,
UCCZkc96h2dlElrfYmMWr8KQ,Engineer Bo,@engineerbo,52100,18,engineering_making,curated,2_small(10K-100K),1_sparse(<50),individual?,2894.4,True,15,,
UCe9bEkXbBUn_jTMWFOxKXVw,Greig Johnson Making,@greigjohnsonmaking,30400,154,engineering_making,curated,2_small(10K-100K),2_moderate(50-200),individual?,197.4,True,15,Greig Johnson Comedy Surreal Independent British Short Film Music Video eclectic schlock,"Crafter of miniatures, props and costumes. Also short films, comedy and music videos. Thank you for watching. "
UCX5fKjyYty3MxBEuj88HF7w,Built World,@built_world,6660,19,engineering_making,curated,1_micro(<10K),1_sparse(<50),individual?,350.5,True,15,,"Videos about the built environment: buildings, cities and landscapes.   "
UC0intLFzLaudFG-xAvUEO-A,Not Just Bikes,@NotJustBikes,1460000,154,urbanism_transit,curated,4_large(1M-10M),2_moderate(50-200),individual?,9480.5,True,16,"amsterdam dutch netherlands cycling transport trains ""sustainable transportation"" sustainability ""urban planning"" mobility","Stories of great urban planning & urban experiences. There are a lot of reasons why Dutch cities are so great, and it's not just bikes.  Want to support the channel? Sign up to Nebula! https://go.nebula.tv/notjustbikes  Contact Not Just Bikes: https://contact.notjustbikes.com  Podcast (YouTube): htt"
UC-ufRLYrXxrIEApGn9VG5pQ,Reject Convenience,@rejectconvenience,234000,39,urbanism_transit,curated,3_mid(100K-1M),1_sparse(<50),org/brand,6000.0,True,16,"""Reject Convenience"" ""Consumer Awareness"" ""digital minimalism"" ""3d tuber"" blendtuber vpn cookies privacy ""privacy policy"" ""data breach""","Sponsor-free internet cartoons (made without AI).  I rely heavily on your direct support, so if you like what I make, please consider supporting using one of the links below :)  0 subscribers - Jan 15, 2011 10 subscribers - Mar 9, 2011 100 subscribers - Nov 6, 2021 1,000 subscribers- May 7, 2023 10,"
UCFdazs-6CNzSVv1J0a-qy4A,donoteat01,@donoteat01,90400,39,urbanism_transit,curated,2_small(10K-100K),1_sparse(<50),individual?,2317.9,True,16,,it's a channel about cities  here is the patreon: https://www.patreon.com/donoteat
UCATvtkiJWyTcTAkEmjajp0Q,Car Free Keith,@CarFreeKeith,12700,33,urbanism_transit,curated,2_small(10K-100K),1_sparse(<50),individual?,384.8,True,16,,"Aspirational, optimistic public transit and urban planning stories.  Chicago-based, with videos from around the world.  New video around the middle of every month.  Channel logo & banner created by @milestone.malika (find her on Instagram!)  carfreekeith@gmail.com"
UC2OTkTrcKMF3rlgUCkitHsw,Heartland Urbanist,@HeartlandUrbanist,6940,43,urbanism_transit,curated,1_micro(<10K),1_sparse(<50),org/brand,161.4,True,16,,"The channel highlights the challenges facing urbanism in the Heartland and how communities are organizing on the ground to overcome them. From transit to housing, from encouraging active transport to creating livable places—there’s so much we can improve about our communities. This channel won’t jus"
UCJR3MKeKKNrEn9ZV6cnsYjQ,new practice,@newpractice,3920,63,urbanism_transit,curated,1_micro(<10K),2_moderate(50-200),individual?,62.2,True,16,,
UCQL5ABUvwY7YoW5lgMyAS_w,WheezyWaiter,@wheezywaiter,1160000,1700,vlog_personality,curated,4_large(1M-10M),4_firehose(>1K),org/brand,682.4,True,17,"wheezywaiter ""craig benzine"" ""video essay"" ""educational comedy"" explainer curiosity ""personal growth"" ""modern life"" storytelling ""funny but thoughtful"" ""personal finance"" ""money saving"" minimalism ""meaning of life"" habits motivation comedy documentary health fitness challenge ""30 days"" month ""educational comedy"" ""og youtuber"" ""internet creator"" clones eagle punch ""why do people like"" beard ""driftless pony club"" vlogbrothers ""dry humor""","I’ve been on Earth for 45 years, Here’s what I learned. (I hope I remember to update after my birthday) For business inquiries email team@settebelloentertainment.com "
UC3k0fC-iZAzfC4K-aCT7QoA,yourharto,@yourharto,272000,260,vlog_personality,curated,3_mid(100K-1M),3_prolific(200-1K),individual,1046.2,True,17,"""hannah hart"" harto","This is where I put more things!  ALSO: http://youtube.com/myharto"
UC8QdAOlC6klCL6HIfI-VGjw,The Cooler Jenny,@thecoolerjenny895,93500,4,vlog_personality,curated,2_small(10K-100K),1_sparse(<50),individual?,23375.0,True,17,,
UCBFKqNS5wi5BQf93KtN0pLg,AlwaysWheezy,@alwayswheezy,42500,428,vlog_personality,curated,2_small(10K-100K),3_prolific(200-1K),individual,99.3,True,17,,A channel onto which I upload unedited iPhone videos!
UCIrzMjHRj6ggMlmjIkWZ1xw,DoeEyes,@doeeyes8207,14400,89,vlog_personality,curated,2_small(10K-100K),2_moderate(50-200),individual,161.8,True,17,,My experience developing videography and editing skills for online content. I want to improve my craft and in the process share more of myself with you. It is a bildungsroman. 
UCak4HBCtXCXgPV-DGM9wZOQ,Isahowdy,@Isahowdy,7250,10,vlog_personality,curated,1_micro(<10K),1_sparse(<50),individual?,725.0,True,17,,
UC3TzIRiP0-YMGx_cv_Hg6Aw,Emily K Sowers,@emilyksowers7053,6860,5,vlog_personality,curated,1_micro(<10K),1_sparse(<50),individual?,1372.0,True,17,"""Emily Sowers"" ""Video Essay"" ""Harry Potter""",
UCqqAJOzcNb5hm98KEqi4XRQ,AZFanFam,@azfanfam9581,5130,3,vlog_personality,curated,1_micro(<10K),1_sparse(<50),individual?,1710.0,True,17,,"We're a small group of friends in Austin, TX - A mix of filmmakers, improv actors, dnd enthusiasts, cosplayers, musicians, and of course, big fans of The Adventure Zone!"
UCeRjAjiBz_9CjbjI8c3tX0g,Nikki,@CookiezEater,3140,2,vlog_personality,curated,1_micro(<10K),1_sparse(<50),individual,1570.0,True,17,music radio live rock electronic funk,I like cookies.
UCBJycsmduvYEL83R_U4JriQ,Marques Brownlee,@mkbhd,21100000,1800,programming_tech,curated,5_mega(>10M),4_firehose(>1K),individual?,11722.2,True,18,MKBHD MarquesBrownlee Marques Brownlee,MKBHD: Quality Tech Videos | YouTuber | Geek | Consumer Electronics | Tech Head | Internet Personality!  business@MKBHD.com  NYC
UCsBjURrPoezykLs9EqgamOA,Fireship,@Fireship,4230000,823,programming_tech,curated,4_large(1M-10M),3_prolific(200-1K),org/brand,5139.7,True,18,angular firebase web development javascript typescript,High-intensity ⚡ code tutorials and tech news to help you ship your app faster. New videos every week covering the topics every programmer should know.   The original home of #100SecondsOfCode #TheCodeReport and #CodeThisNotThat. Created by Jeff Delaney.   Want more Fireship?  🗞️ Newsletter – https:
UC9-y-6csu5WGm29I7JiwpnA,Computerphile,@Computerphile,2630000,911,programming_tech,curated,4_large(1M-10M),3_prolific(200-1K),org/brand,2886.9,True,18,"computer computerphile programming software hardware science ""Computer Science""",Videos about computers & computer stuff. Supported by Jane Street - https://jane-st.co/computerphile Sister channel of Numberphile. 
UChIs72whgZI9w6d6FhwGGHA,Gamers Nexus,@GamersNexus,2630000,3200,programming_tech,curated,4_large(1M-10M),4_firehose(>1K),individual?,821.9,True,18,"""Gamers Nexus"" ""hardware guide"" ""how to PC building"" ""computer hardware"" ""pc builds"" ""game previews"" ""game trailers"" ""hardware guides"" ""gaming reviews"" ""game review"" ""game preview""","PC hardware reviews, game benchmarks, component analysis.  Please subscribe for updates!"
UC7Jwj9fkrf1adN4fMmTkpug,DankPods,@DankPods,1840000,541,programming_tech,curated,4_large(1M-10M),3_prolific(200-1K),individual,3401.1,True,18,"Tips and Tricks ""ipod classic"" ""ipod mods""",If it runs on electricity there's a chance I'll yell at it.  
UCfzlCWGWYyIQ0aLC5w48gBQ,sentdex,@sentdex,1440000,1200,programming_tech,curated,4_large(1M-10M),4_firehose(>1K),individual,1200.0,True,18,Python programming tutorials how-to education,"Python Programming tutorials, going further than just the basics. Learn about machine learning, finance, data analysis, robotics, web development, game development and more.  I have ~1000 videos, all of which do not fit on the front page. Try searching on the channel page, or via https://pythonprogr"
UCmtyQOKKmrMVaKuRXz02jbQ,Sebastian Lague,@SebastianLague,1400000,295,programming_tech,curated,4_large(1M-10M),3_prolific(200-1K),individual?,4745.8,True,18,"programming coding ""game development""",Exploring how to create stuff out of code   
UCSOpcUkE-is7u7c4AkLgqTw,MrMobile [Michael Fisher],@TheMrMobile,1280000,637,programming_tech,curated,4_large(1M-10M),3_prolific(200-1K),individual,2009.4,True,18,"""michael fisher"" captain2phones mrmobile ""android central"" ""windows central"" ""mobile technology"" smartphones smartwatches wearables laptops ""retro tech"" nostalgia throwback ""when phones were fun"" foldables ""folding screens"" ""folding phones""","Mobile technology videos for the discerning gadget enthusiast, brought to you by Michael Fisher.  My name is Michael Fisher. I’m a writer, sailor, podcaster and recovering actor whose childhood obsession with science fiction never quite faded. A quarter-century later, the technology that I coveted a"
UCHbx9IUW7eCeJsC4sBCTNBA,iFixit,@iFixitYourself,1270000,1000,programming_tech,curated,4_large(1M-10M),4_firehose(>1K),org/brand,1270.0,True,18,ifixit repair electronics diy how to apple mac iphone ipod imac screen battery replace fix,"Want to know how to replace that cracked screen on your phone? Or maybe you want to know if the newest gadget is worth the sticker shock? Then you’ve come to the right place!   iFixit’s team of repair experts and tinkerers are here to guide you through product teardowns, and helpful repairs for your"
UCI8iQa1hv7oV_Z8D35vVuSg,Hardware Unboxed,@Hardwareunboxed,1170000,2300,programming_tech,curated,4_large(1M-10M),4_firehose(>1K),org/brand,508.7,True,18,"""gaming benchmarks"" ""battlefield 1"" ""call of duty"" ""graphics cards"" GPU CPU Nvidia AMD Intel",We test the latest and greatest PC hardware and games on release day so you can get the scoop!
UCNzszbnvQeFzObW0ghk0Ckw,Dave's Garage,@DavesGarage,1140000,558,programming_tech,curated,4_large(1M-10M),3_prolific(200-1K),individual?,2043.0,True,18,"""microsoft windows history"" microsoft ""microsoft windows"" history secrets ""secret history"" projects diy ""rgb led"" rgb led programming c++ tutorials projects learning mac apple tech photography video ansible automation infrastructure kubernetes k8s ""raspberry pi"" ""cloud native"" sbc computers ""compute module"" linux kernel hacking hardware software development coding microcontroller technology drupal kubernetes k8s risc v tech pc build builder server hack gpu graphics","Windows History, Windows vs Linux Comparisons, Arduino Project Tutorials, Shop Projects, ESP32 Information, and more in Dave's Garage.  With DIY info and practical step-by-step tutorials.  From hobbyist to engineer, everyone is welcome!"
UCR-DXc1voovS8nhAvccRZhg,Jeff Geerling,@JeffGeerling,1080000,568,programming_tech,curated,4_large(1M-10M),3_prolific(200-1K),individual?,1901.4,True,18,"mac apple tech photography video ansible automation infrastructure kubernetes k8s ""raspberry pi"" ""cloud native"" sbc computers ""compute module"" linux kernel hacking hardware software development coding microcontroller technology drupal kubernetes k8s risc-v tech pc build builder server hack gpu graphics","Father, author, developer, maker. Sometimes called ""an inflammatory enigma"". "
UCW6J17hZ_Vgr6cQgd_kHt5A,MobileTechReview,@mobiletechreview,969000,1900,programming_tech,curated,3_mid(100K-1M),4_firehose(>1K),org/brand,510.0,True,18,"""smartphone reviews"" ""phone reviews"" ""tablet reviews"" ""laptop reviews"" ""Ultrabook reviews"" ""iPhone reviews"" ""camera reviews"" ""Lisa Gade"" MobileTechReview ""gaming notebook reviews"" ""iPad Reviews"" ""Mac reviews""","Lisa Gade from MobileTechReview brings you video reviews of the latest mobile technology: smartphones, Android tablets, Windows tablets, Ultrabooks, Convertible laptops, cameras, iPhone and iPad related items and more.  *Manufacturers and vendors: Please note that we only use MobileTechReview.com em"
UC1LpsuAUaKoMzzJSEt5WImw,Asianometry,@Asianometry,947000,704,programming_tech,curated,3_mid(100K-1M),3_prolific(200-1K),individual,1345.2,True,18,Taiwan History China Semiconductors,"Video essays on business, economics, and history. Sometimes about Asia, but not always.   For general mail: hello@asianometry.com For business inquiries: business@asianometry.com  I don't have an Asianometry Telegram. Don't fall for comment scams on YouTube, please.  "
UCFZHhzU1hVeRqvgor5Jl3iQ,David Achu,@david_is_achu,722000,136,programming_tech,curated,3_mid(100K-1M),2_moderate(50-200),individual,5308.8,True,18,,Hi. I like to judge people and behavior on the internet (but no one should judge me or my behavior on the internet. I'm perfect)         For business inquiries (or anyone who would  like to give me money of any kind): davidachubusiness@gmail.com 
UCcCYOO2uYPnG-21WDOWdwew,HDTVTest,@hdtvtest,624000,1000,programming_tech,curated,3_mid(100K-1M),4_firehose(>1K),individual?,624.0,True,18,"""TV reviews"" ""TV comparison"" ""TV review"" ""OLED TV"" ""QLED TV"" ""Mini LED TV"" ""Micro LED TV"" ""Monitor review"" ""Monitor review"" ""HDR analysis"" ""4K Blu-ray review"" ""LG TV review"" ""Sony TV review"" ""Samsung TV review""","Youtube's leading voice on TV technology, with many videos getting at least 20000 views, 1000 likes & tons of comments. "
UCD8J_xbbBuGobmw_N5ga3MA,Denis Shiryaev,@DenisShiryaev,564000,18,programming_tech,curated,3_mid(100K-1M),1_sparse(<50),individual,31333.3,True,18,,I love the internet and mom 💖  You can reach me here:  💌 https://shir-man.com/  t.me/denissexy
UCrv269YwJzuZL3dH5PCgxUw,CodeParade,@CodeParade,510000,84,programming_tech,curated,3_mid(100K-1M),2_moderate(50-200),org/brand,6071.4,True,18,AI Machine Learning Computer Science Math Fractals Programming Games,"Welcome to Code Parade!  This is where I'll upload interesting projects and experiments that I do for fun.  Topics will usually involve games, machine learning, algorithms, fractals, or any other topics I find interesting.  I usually include some explanations, and sometimes tutorials.  If you have a"
UCQALLeQPoZdZC4JNUboVEUg,Jabrils,@Jabrils,483000,233,programming_tech,curated,3_mid(100K-1M),3_prolific(200-1K),org/brand,2073.0,True,18,"Science Curiosity Edutainment ""Computer Science"" Coding Programming AI",watch my videos to watch me solve my problems using code  Want something? Contact me! (I used to reply): yo(AT)jabrils.com  My team replies faster (sometimes): jabrils(AT)smoothmedia.co yomanager(AT)jabrils.com 
UC2Xd-TjJByJyK2w1zNwY0zQ,Beyond Fireship,@beyondfireship,466000,43,programming_tech,curated,3_mid(100K-1M),1_sparse(<50),individual?,10837.2,True,18,,Even more highly-focused blazingly-fast coding tutorials from Fireship
UCa8W2_uf81Ew6gYuw0VPSeA,Juxtopposed,@juxtopposed,460000,44,programming_tech,curated,3_mid(100K-1M),1_sparse(<50),individual,10454.5,True,18,"three.js spline ""spline 3d"" css js javascript programming design ""web design"" ""ui design"" ""ux design"" ui/ux ui ux juxtopposed ""short ui/ux design course"" ""ui/ux design"" gsap greensock animation web designing designer html ""frontend development"" ""cool web design""","subscribe for more cats (and design content, of course)  this is my only channel on YouTube. if you’d like to contact me, use the contact email below. "
UCaSCt8s_4nfkRglWCvNSDrg,CodeAesthetic,@CodeAesthetic,439000,8,programming_tech,curated,3_mid(100K-1M),1_sparse(<50),individual?,54875.0,True,18,"Programming ""Software Design"" ""Design Patterns""",
UCrkPsvLGln62OMZRO6K-llg,Nick Chapsas,@nickchapsas,421000,900,programming_tech,curated,3_mid(100K-1M),3_prolific(200-1K),individual,467.8,True,18,"Elfocrash Developer Nick Chapsas software engineer .net core asp.net ""asp.net core"" microsoft ""microsoft mvp"" ""software engineering"" tutorials lessons ""Nick Chapsas"" "".NET 6"" ""C# tutorials"" "".NET tutorials""",Hello everybody I’m Nick Chapsas and this is my YouTube channel. 
UCvtT19MZW8dq5Wwfu6B0oxw,dotnet,@dotnet,354000,2400,programming_tech,curated,3_mid(100K-1M),4_firehose(>1K),org/brand,147.5,True,18,".NET "".NET Core"" ASP.NET ""dot net"" technology software programmer developer F# C# VB "".net maui"" ""visual studio code"" ""visual studio"" dotnet blazor ""api development""",".NET is a free, cross-platform, open source developer platform for building many different types of applications. With .NET, you can use multiple languages, editors, and libraries to build for web, cloud, mobile, desktop, games, and IoT. This is the official YouTube channel for the .NET team at Micr"
UCTrAO0TDCldnYUN3BkLmGcw,b001,@b001,325000,127,programming_tech,curated,3_mid(100K-1M),2_moderate(50-200),individual?,2559.1,True,18,"python programming coding coder programmer tips tricks tech computer language technology science engineering ""computer science"" ""computer engineering"" ""electrical engineering"" math software ""software engineering""",Simplicity is the ultimate sophistication!
UCUzQJ3JBuQ9w-po4TXRJHiA,jdh,@jdh,297000,33,programming_tech,curated,3_mid(100K-1M),1_sparse(<50),individual?,9000.0,True,18,programming c++ java coding minecraft voxel procedural graphics 3d opengl,
UC7M-Wz4zK8oikt6ATcoTwBA,Freya Holmér,@acegikmo,290000,103,programming_tech,curated,3_mid(100K-1M),2_moderate(50-200),org/brand,2815.5,True,18,"Unity C# ""Game Development"" ""Game Dev"" Tutorials Conversations ""Games Industry""","I do videos on tech art, math, game dev, and whatever else I want to project to your screens  channel art by yoss ❤ https://twitter.com/YO_SU_RA"
UCUMwY9iS8oMyWDYIe6_RmoA,No Boilerplate,@NoBoilerplate,289000,63,programming_tech,curated,3_mid(100K-1M),2_moderate(50-200),individual,4587.3,True,18,,"Fast technical videos.   If you like sci-fi, check out my hopepunk podcast, Lost Terminal, at https://www.lostterminal.com If you like urban fantasy, I produce a wonderful podcast called Modem Prometheus: https://www.modemprometheus.com  "
UC3S8vxwRfqLBdIhgRlDRVzw,stacksmashing,@stacksmashing,229000,32,programming_tech,curated,3_mid(100K-1M),1_sparse(<50),individual,7156.2,True,18,"Ghidra ""Reverse Engineering"" Hacking Malware ""IDA Pro"" Radare ""IoT Security"" IoT Embedded ""Embedded Security"" Security","Hi, I'm a security researcher who creates videos on reverse-engineering, hardware security, and everything else I find interesting!"
UCo71RUe6DX4w-Vd47rFLXPg,typecraft,@typecraft_dev,229000,171,programming_tech,curated,3_mid(100K-1M),2_moderate(50-200),individual,1339.2,True,18,"cpow ""chris power"" programming javascript tmux vim neovim typecraft","I'm pretty good at computer.  For collaboration or sponsorship opportunities, connect with us at sponsor@typecraft.dev.  "
UCUmd1iHHPmGO-CXVmwPuLyA,camwing,@camwing,227000,21,programming_tech,curated,3_mid(100K-1M),1_sparse(<50),individual?,10809.5,True,18,,animation nerd who thinks way too hard about stuff  
UCV0t1y4h_6-2SqEpXBXgwFQ,AngeTheGreat,@AngeTheGreat,224000,39,programming_tech,curated,3_mid(100K-1M),1_sparse(<50),individual,5743.6,True,18,"C++ ""Game development"" ""Game programming"" ""Indie game""",Watch me reinvent the wheel!
UCSWMraguMlNanVQgseTTr_Q,f4mi,@f4micom,220000,57,programming_tech,curated,3_mid(100K-1M),2_moderate(50-200),individual?,3859.6,True,18,retro games game boy nintendo famicom snes nes,"[insert cool and original channel description here]  https://twitter.com/f4micom  For business inquiries, you can send an email to f4mi@intheblackmedia.com "
UCWQaM7SpSECp9FELz-cHzuQ,Dreams of Code,@dreamsofcode,207000,119,programming_tech,curated,3_mid(100K-1M),2_moderate(50-200),org/brand,1739.5,True,18,"""software engineering"" coding tutorials rust python rustlang ""rust lang"" ""software development"" code development c++ functional concurrency golang ""programming languages"" programming tutorial","Become a better developer in 4 minutes: https://bit.ly/45C7a29 👈  Computer Science, Software Engineering, Development and Programming Tutorials.  We'll be exploring popular programming languages and toolsets as well as some of the more unknown ones. We'll look at building projects with these tools a"
UCm8EsftbfNzSiRHzc7I59KQ,Kevin Fang,@kevinfaang,204000,29,programming_tech,curated,3_mid(100K-1M),1_sparse(<50),individual,7034.5,True,18,,I read tech postmortems and make bad videos about them
UCniqJdv-ZQHj1w1Xg6eLWYA,From Scratch,@built-from-scratch,203000,5,programming_tech,curated,3_mid(100K-1M),1_sparse(<50),individual,40600.0,True,18,,"I make things. Occasionally stuff as well, just to mix it up a bit."
UC4m2G6T18_JcjwxwtwKJijw,samy kamkar,@samykamkar,202000,17,programming_tech,curated,3_mid(100K-1M),1_sparse(<50),org/brand,11882.4,True,18,"hacking ""reverse engineering"" coding arduino rtl-sdr ""raspberry pi"" drones ""applied hacking"" beaglebone phantom parrot rf hackrf imme rtlsdr aircrack","Hi! I'm Samy, and welcome to the Applied Hacking channel.  I'm releasing original research, tools and videos around hacking, technology and security - typically around reverse engineering, coding, software, hardware, radio, electronics, fabrication and physical security (as in physical lock picking,"
UC3azLjQuz9s5qk76KEXaTvA,suckerpinch,@tom7,201000,41,programming_tech,curated,3_mid(100K-1M),1_sparse(<50),individual?,4902.4,True,18,,This is Tom 7's youtube!  http://tom7.org/
UCJVXj8BvHykEklEeKjFwaXQ,Micro,@Micro-Econ-YT,196000,36,programming_tech,curated,3_mid(100K-1M),1_sparse(<50),individual?,5444.4,True,18,,Short stories about Micro Economics
UCDiKw3GnFIwyNJBzhCoRI-Q,Framework,@FrameworkComputer,188000,201,programming_tech,curated,3_mid(100K-1M),3_prolific(200-1K),individual?,935.3,True,18,"""Consumer Electronics"" ""Right to Repair"" Laptops DIY",Remaking Consumer Electronics to respect people and the planet. 
UCBsuOBu-dxj5bx1KMgmar5g,TheHappieCat,@TheHappieCat,164000,55,programming_tech,curated,3_mid(100K-1M),2_moderate(50-200),individual?,2981.8,True,18,,idk lol
UC3RKA4vunFAfrfxiJhPEplw,CodeOpinion,@CodeOpinion,100000,443,programming_tech,curated,3_mid(100K-1M),3_prolific(200-1K),org/brand,225.7,True,18,"asp.net .net core software architecture cqrs soa microservices ""event sourcing"" ""event driven architecture"" ""software architecture"" ""software design"" ""domain driven design"" ""service oriented architecture""","CodeOpinion is by Derek Comartin, a software developer with over two decades of professional software development experience.  He's written software for a variety of business domains such as distribution, transportation, manufacturing, and accounting.   Derek has a very active blog @ codeopinion.com"
UCwPdVunI5mD-dpuLogOawbw,adumb,@adumb_codes,99500,8,programming_tech,curated,2_small(10K-100K),1_sparse(<50),individual,12437.5,True,18,,I make coding videos sometimes 
UCRhgtVPExY900ns9Xsxuvrw,AustinSV,@AustinSV,91600,396,programming_tech,curated,2_small(10K-100K),3_prolific(200-1K),individual?,231.3,True,18,"AustinSV reviews ""game reviews"" comparison information gaming JRPG ""gaming streams"" ""gaming mods"" ""Final Fantasy""","JRPG focus but we dabble a bit. Port reviews, livestreams, obscure ports, and mod showcases."
UC1H1NWNTG2Xi3pt85ykVSHA,Jordan Harrod,@JordanHarrod,89500,347,programming_tech,curated,2_small(10K-100K),3_prolific(200-1K),individual?,257.9,True,18,"Tech ""Artificial Intelligence"" Education ""Machine Learning"" ""Emerging Technology"" ""AI Ethics"" ""Tech Ethics"" ""Grad Life""","Exploring the ways that we interact with artificial intelligence, algorithms, and other new technologies every day, for better or for worse.   "
UCAMu6Dso0ENoNm3sKpQsy0g,Nir Lichtman,@nirlichtman,89000,122,programming_tech,curated,2_small(10K-100K),2_moderate(50-200),individual,729.5,True,18,,Deep dives into the inner workings of operating systems  Contact: email address is my first name at lichtman dot org 
UC7EUiC7Jl-1rzwuepuIz5vw,optozorax,@optozorax_en,60300,7,programming_tech,curated,2_small(10K-100K),1_sparse(<50),individual,8614.3,True,18,,I like to program  pfp by FKEY  Business inquiries: optozorax@intheblackmedia.com
UCpZjU-GdtNJO42H8xPDyxRQ,Ed Andersen,@edandersen,60200,169,programming_tech,curated,2_small(10K-100K),2_moderate(50-200),org/brand,356.2,True,18,"dotnet csharp programming ""web development"" ""software development"" rdp technology tech windows ""remote desktop"" streaming donet6 programming asp.net .net c# ""teds tech"" ""ted's tech"" ""ted andersen"" microsoft ""computer programming"" "".net 7"" "".net 8""",Tech & Code from the Land of the Rising Fun  On this channel you'll find software development tutorials and other bits and bobs.  All words/views/opinions are my own and not those of employers past or present (of course!). 
UCs4fQRyl1TJvoeOdekW6lYA,fasterthanlime,@fasterthanlime,58000,69,programming_tech,curated,2_small(10K-100K),2_moderate(50-200),individual?,840.6,True,18,rust programming,"Vibe-oriented Rust programming, how computers work in general, and sometimes we get existential. That's it, that's the pitch."
UCYuQjtwffrSIzfswH3V24mQ,Tom Delalande,@tom-delalande,56900,42,programming_tech,curated,2_small(10K-100K),1_sparse(<50),org/brand,1354.8,True,18,,I'm a software engineer talking about whatever interests me most right now. 
UCwPnX0XSfxswF0rL78NzNIw,veselekov,@veselekov,43300,187,programming_tech,curated,2_small(10K-100K),2_moderate(50-200),org/brand,231.6,True,18,veselekov animation video games tv movies anime internet fun dark souls demons bloodborne,We’re back with your next favorite
UCNnWgkzPKPgW-1kCLHZ7n0w,Mecha,@mechasystems,25400,25,programming_tech,lexicon,2_small(10K-100K),1_sparse(<50),org/brand,1016.0,True,18,"""Programmable computers"" computers linux modular ""open source"" ""open hardware"" ""single board computers"" pi sbc kde ""plasma mobile"" networking","Mecha builds builds computers, firmware and cloud software for building applications in the real world. These computers are programmable, powered by open ecosystem and primarily run open- source software, ensuring they are embeddable, multi-purpose and long- lasting."
UCpwIxbmFFNeU4EtlLHmFShA,Premature Abstraction,@PrematureAbstraction,19600,35,programming_tech,curated,2_small(10K-100K),1_sparse(<50),individual?,560.0,True,18,,Concise educational videos on computer science & math
UCBxpC6MHa1_IwXth1FHL1Rg,Charles Clayton,@crclayton,14900,45,programming_tech,curated,2_small(10K-100K),1_sparse(<50),individual,331.1,True,18,Electronics Programming Engineering Coding Software Tutorial Guide How-To Lesson,"I make ECE tutorial videos. I try to keep them short, concise, and helpful."
UCD5eL38hFtSLiVFP9cCUJEA,Daniel Stenberg,@DanielStenberg,11800,250,programming_tech,curated,2_small(10K-100K),3_prolific(200-1K),org/brand,47.2,True,18,"curl libcurl ""open source""","I talk about curl, open source, networking and stuff like that from my view and angle from my home in Stockholm, Sweden.  I'm the lead developer of curl.  I'm occasionally live-streaming curl development on twitch: https://www.twitch.tv/curlhacker - some of the recorded streams are available here."
UCQuMnhieoyiWRQTFazgKXMg,About Clean Code,@AboutCleanCode,8330,282,programming_tech,curated,1_micro(<10K),3_prolific(200-1K),org/brand,29.5,True,18,CleanCode SoftwareCraftsmanship SoftwareDevelopment CleanArchitecture SoftwareArchitecture CodingTutorials SoftwareEngineering,"How to build better software faster?  This channel explores practical software engineering practices - grounded in long-term professional experience building, maintaining, and evolving software systems.  It is built on the belief that:  - Following principles of Clean Code and simple design leads to"
UCHPisitAcPeMVZwRw3jYiuA,M Stem,@MStemmm,6620,10,programming_tech,curated,1_micro(<10K),1_sparse(<50),individual?,662.0,True,18,,"Making ""Aardvark Agriculture"" on the Stump and Stem channel!  steemie.tumblr.com steemie.twitter.com"
UCuHB_2AOt8vjuvZZp6tSoxg,Recursion,@RecursionIs,3920,12,programming_tech,curated,1_micro(<10K),1_sparse(<50),individual?,326.7,True,18,"Recursion Computing Math Science Programming Consciousness Artificial Intelligence AI Quantum Electrical Mechanical Engineering Computer Brain Corecursion ""Computer Science"" ""Geometric Algebra"" Infinity Computing Project Channel",
UCdZdDDp9SQ-Vvd5d9_YGGbA,TechnoPorg,@technoporg,3070,2,programming_tech,lexicon,1_micro(<10K),1_sparse(<50),individual?,1535.0,True,18,,
UC-4A_K92UTI0b6pnHDEFF1g,Peeja,@Peeja,1570,5,programming_tech,curated,1_micro(<10K),1_sparse(<50),individual,314.0,True,18,computers technology learning vlog,"The Binary Tree is computer science for non-majors. It's everything you didn't know you wanted to know about how computers work. Give it a look. It'll be fun.  And when I find the time, there may even be other videos on this channel once again."
UCJ7eptoy8sqcSI_3g8ofKNw,GigaBoots Tech Lab,@gigabootstechlab4392,710,1,programming_tech,curated,1_micro(<10K),1_sparse(<50),individual?,710.0,True,18,,
UCofQ5pFBxRU-B3LR5FjwZDw,William,@williampetty168,320,7,programming_tech,curated,1_micro(<10K),1_sparse(<50),individual,45.7,True,18,Suede tgwtg channel awesome animenia amv heaven pokemon played fandom stranger,"I am Suede, and this is my channel. For my older videos, go to http://www.youtube.com/channel/UCofQ5pFBxRU-B3LR5FjwZDw .  As always, go to www.thatguywiththeglasses.com for my latest reviews! I also have a blog at daysofsuede.blogspot.com and of course you can follow me @suedeblade on twitter."
UCk224j8zNGZzejUSMskGwXg,Damien Henry,@DamienHenry,203,9,programming_tech,curated,1_micro(<10K),1_sparse(<50),individual?,22.6,True,18,,
